text(Palaos)	text(can:be:found:in)	text(ميكرونيسيا)
text(بالاو)	text(was:positioned:in)	text(Oceanía)
text(المالديف)	text(is:positioned:in)	text(South:Asia)
text(Maldives)	text(was:sited:in)	text(آسيا)
text(بروناي)	text(is:sited:in)	text(东南亚)
text(ब्रुनेई)	text(was:localized:in)	text(एशिया)
text(Brunei)	text(is:butted:against)	text(Malasia)
text(Japan)	text(is:localized:in)	text(شرق:آسيا)
text(Japón)	text(was:present:in)	text(Asia)
text(هولندا)	text(was:butted:against)	text(जर्मनी)
text(Netherlands)	text(was:adjacent:to)	text(België)
text(土耳其)	text(is:adjacent:to)	text(Armenië)
text(Turkije)	text(neighbors)	text(अज़रबैजान)
text(Turkey)	text(is:a:neighboring:country:of)	text(伊朗)
text(تركيا)	text(was:a:neighboring:country:of)	text(Griekenland)
text(तुर्की)	text(neighbors:with)	text(Georgia)
text(Turquía)	text(was:a:neighbor:of)	text(Bulgarije)
text(土耳其)	text(is:a:neighbor:of)	text(Irak)
text(Turkije)	text(is:a:neighboring:state:to)	text(Syria)
text(安哥拉)	text(is:present:in)	text(وسط:إفريقيا)
text(أنغولا)	text(was:a:neighboring:state:to)	text(Democratic:Republic:of:the:Congo)
text(अंगोला)	text(borders:with)	text(नामीबिया)
text(Angola)	text(borders)	text(Zambia)
text(Angola)	text(is:butted:against)	text(جمهورية:الكونغو)
text(आर्मीनिया)	text(is:still:in)	text(Zuidwest-Azië)
text(Armenia)	text(was:butted:against)	text(格鲁吉亚)
text(亞美尼亞)	text(was:adjacent:to)	text(阿塞拜疆)
text(أرمينيا)	text(is:adjacent:to)	text(إيران)
text(Armenia)	text(neighbors)	text(Turkey)
text(安提瓜和巴布达)	text(was:still:in)	text(कैरिबिया)
text(Antigua:y:Barbuda)	text(was:currently:in)	text(महाअमेरिका)
text(एस्वातीनी)	text(is:currently:in)	text(南部非洲)
text(斯威士兰)	text(is:a:neighboring:country:of)	text(Sudáfrica)
text(Eswatini)	text(was:a:neighboring:country:of)	text(Mozambique)
text(瓦利斯和富圖納)	text(is:placed:in)	text(بولنيزيا)
text(واليس:وفوتونا)	text(was:placed:in)	text(大洋洲)
text(उरुग्वे)	text(can:be:found:in)	text(दक्षिण:अमेरिका)
text(الأوروغواي)	text(was:situated:in)	text(Amerika)
text(烏拉圭)	text(neighbors:with)	text(Argentina)
text(Uruguay)	text(was:a:neighbor:of)	text(البرازيل)
text(Zambia)	text(is:situated:in)	text(Oost-Afrika)
text(زامبيا)	text(is:a:neighbor:of)	text(तंज़ानिया)
text(Zambia)	text(is:a:neighboring:state:to)	text(موزمبيق)
text(ज़ाम्बिया)	text(was:a:neighboring:state:to)	text(República:Democrática:del:Congo)
text(贊比亞)	text(borders:with)	text(Angola)
text(Zambia)	text(borders)	text(波札那)
text(Zambia)	text(is:butted:against)	text(津巴布韦)
text(زامبيا)	text(was:butted:against)	text(Namibia)
text(Zambia)	text(was:adjacent:to)	text(Malawi)
text(قبرص)	text(is:located:in)	text(पूर्वी:यूरोप)
text(Chipre)	text(was:located:in)	text(यूरोप)
text(Cyprus)	text(is:adjacent:to)	text(यूनाइटेड:किंगडम)
text(यूनाइटेड:किंगडम)	text(can:be:found:in)	text(उत्तरी:यूरोप)
text(英国)	text(was:positioned:in)	text(أوروبا)
text(Verenigd:Koninkrijk)	text(neighbors)	text(Reino:Unido)
text(بوروندي)	text(is:positioned:in)	text(पूर्वी:अफ्रीका)
text(Burundi)	text(is:a:neighboring:country:of)	text(刚果民主共和国)
text(Burundi)	text(was:a:neighboring:country:of)	text(Rwanda)
text(蒲隆地)	text(neighbors:with)	text(Tanzania)
text(中非共和國)	text(was:sited:in)	text(África:Central)
text(Central:African:Republic)	text(was:a:neighbor:of)	text(تشاد)
text(جمهورية:إفريقيا:الوسطى)	text(is:a:neighbor:of)	text(剛果共和國)
text(República:Centroafricana)	text(is:a:neighboring:state:to)	text(جمهورية:الكونغو:الديمقراطية)
text(Centraal-Afrikaanse:Republiek)	text(was:a:neighboring:state:to)	text(South:Sudan)
text(मध्य:अफ़्रीकी:गणराज्य)	text(borders:with)	text(Camerún)
text(中非共和國)	text(borders)	text(苏丹)
text(تونغا)	text(is:sited:in)	text(पोलीनेशिया)
text(टोंगा)	text(was:localized:in)	text(Oceanië)
text(Ivoorkust)	text(is:localized:in)	text(غرب:إفريقيا)
text(ساحل:العاج)	text(is:butted:against)	text(Burkina:Faso)
text(Ivory:Coast)	text(was:butted:against)	text(Ghana)
text(Costa:de:Marfil)	text(was:adjacent:to)	text(Liberia)
text(कोत:दिव्वार)	text(is:adjacent:to)	text(माली)
text(科特迪瓦)	text(neighbors)	text(Guinee)
text(سيراليون)	text(is:a:neighboring:country:of)	text(利比里亞)
text(Sierra:Leona)	text(was:a:neighboring:country:of)	text(几内亚)
text(مايوت)	text(was:present:in)	text(东部非洲)
text(Mayotte)	text(is:present:in)	text(África)
text(بولندا)	text(neighbors:with)	text(Germany)
text(Polonia)	text(was:a:neighbor:of)	text(Oekraïne)
text(पोलैंड)	text(is:a:neighbor:of)	text(斯洛伐克)
text(Polen)	text(is:a:neighboring:state:to)	text(白俄羅斯)
text(波蘭)	text(was:a:neighboring:state:to)	text(रूस)
text(Poland)	text(borders:with)	text(लिथुआनिया)
text(بولندا)	text(borders)	text(捷克)
text(कज़ाख़िस्तान)	text(is:still:in)	text(Centraal-Azië)
text(Kazajistán)	text(is:butted:against)	text(Turkmenistán)
text(Kazachstan)	text(was:butted:against)	text(الصين)
text(哈萨克斯坦)	text(was:adjacent:to)	text(吉尔吉斯斯坦)
text(كازاخستان)	text(is:adjacent:to)	text(Uzbekistán)
text(Kazakhstan)	text(neighbors)	text(روسيا)
text(उज़्बेकिस्तान)	text(was:still:in)	text(मध्य:एशिया)
text(乌兹别克斯坦)	text(is:a:neighboring:country:of)	text(أفغانستان)
text(Uzbekistan)	text(was:a:neighboring:country:of)	text(تركمانستان)
text(أوزبكستان)	text(neighbors:with)	text(कज़ाख़िस्तान)
text(Oezbekistan)	text(was:a:neighbor:of)	text(Kyrgyzstan)
text(Uzbekistán)	text(is:a:neighbor:of)	text(塔吉克斯坦)
text(तुर्क:और:केकोस:द्वीपसमूह)	text(was:currently:in)	text(Caribe)
text(جزر:توركس:وكايكوس)	text(is:currently:in)	text(América)
text(Nueva:Caledonia)	text(is:placed:in)	text(ميلانيزيا)
text(كاليدونيا:الجديدة)	text(was:placed:in)	text(Oceania)
text(Pakistán)	text(is:a:neighboring:state:to)	text(People's:Republic:of:China)
text(巴基斯坦)	text(was:a:neighboring:state:to)	text(Afghanistan)
text(باكستان)	text(borders:with)	text(Irán)
text(पाकिस्तान)	text(borders)	text(India)
text(Argentina)	text(can:be:found:in)	text(Zuid-Amerika)
text(阿根廷)	text(is:butted:against)	text(Bolivia)
text(Argentinië)	text(was:butted:against)	text(智利)
text(अर्जेण्टीना)	text(was:adjacent:to)	text(巴西)
text(الأرجنتين)	text(is:adjacent:to)	text(巴拉圭)
text(Argentina)	text(neighbors)	text(Uruguay)
text(क्यूबा)	text(was:situated:in)	text(Caribbean)
text(Cuba)	text(is:situated:in)	text(أمريكتان)
text(塞爾維亞)	text(is:a:neighboring:country:of)	text(Macedonia:del:Norte)
text(Servië)	text(was:a:neighboring:country:of)	text(蒙特內哥羅)
text(Serbia)	text(neighbors:with)	text(Kosovo)
text(सर्बिया)	text(was:a:neighbor:of)	text(Bosnia:y:Herzegovina)
text(صربيا)	text(is:a:neighbor:of)	text(كرواتيا)
text(Serbia)	text(is:a:neighboring:state:to)	text(Hungría)
text(塞爾維亞)	text(was:a:neighboring:state:to)	text(بلغاريا)
text(Servië)	text(borders:with)	text(羅馬尼亞)
text(Czech:Republic)	text(is:located:in)	text(Europa:Oriental)
text(चेक:गणराज्य)	text(borders)	text(Duitsland)
text(جمهورية:التشيك)	text(is:butted:against)	text(Austria)
text(Tsjechië)	text(was:butted:against)	text(Polonia)
text(República:Checa)	text(was:adjacent:to)	text(سلوفاكيا)
text(Nicaragua)	text(is:adjacent:to)	text(洪都拉斯)
text(نيكاراغوا)	text(neighbors)	text(Costa:Rica)
text(Vietnam)	text(was:located:in)	text(दक्षिण:पूर्व:एशिया)
text(Vietnam)	text(can:be:found:in)	text(Azië)
text(वियतनाम)	text(is:a:neighboring:country:of)	text(كمبوديا)
text(فيتنام)	text(was:a:neighboring:country:of)	text(لاوس)
text(Vietnam)	text(neighbors:with)	text(Volksrepubliek:China)
text(निउए)	text(was:positioned:in)	text(Polynesia)
text(Niue)	text(is:positioned:in)	text(ओशिआनिया)
text(कनाडा)	text(was:sited:in)	text(उत्तर:अमेरिका)
text(Canada)	text(was:a:neighbor:of)	text(Verenigde:Staten)
text(Slowakije)	text(is:a:neighbor:of)	text(أوكرانيا)
text(स्लोवाकिया)	text(is:a:neighboring:state:to)	text(पोलैंड)
text(Eslovaquia)	text(was:a:neighboring:state:to)	text(奧地利)
text(Slovakia)	text(borders:with)	text(المجر)
text(斯洛伐克)	text(borders)	text(捷克)
text(मोज़ाम्बीक)	text(is:butted:against)	text(تنزانيا)
text(莫桑比克)	text(was:butted:against)	text(Swaziland)
text(Mozambique)	text(was:adjacent:to)	text(Zimbabwe)
text(Mozambique)	text(is:adjacent:to)	text(ज़ाम्बिया)
text(Mozambique)	text(neighbors)	text(馬拉威)
text(موزمبيق)	text(is:a:neighboring:country:of)	text(Zuid-Afrika)
text(أروبا)	text(is:sited:in)	text(الكاريبي)
text(अरूबा)	text(was:localized:in)	text(Americas)
text(Bolivia)	text(is:localized:in)	text(南美洲)
text(Bolivia)	text(was:a:neighboring:country:of)	text(Chili)
text(玻利維亞)	text(neighbors:with)	text(Brasil)
text(बोलिविया)	text(was:a:neighbor:of)	text(Paraguay)
text(بوليفيا)	text(is:a:neighbor:of)	text(Argentina)
text(Bolivia)	text(is:a:neighboring:state:to)	text(بيرو)
text(Colombia)	text(was:present:in)	text(América:del:Sur)
text(كولومبيا)	text(was:a:neighboring:state:to)	text(厄瓜多尔)
text(Colombia)	text(borders:with)	text(Brazilië)
text(कोलम्बिया)	text(borders)	text(Panama)
text(哥伦比亚)	text(is:butted:against)	text(Venezuela)
text(Colombia)	text(was:butted:against)	text(Peru)
text(फ़िजी)	text(is:present:in)	text(美拉尼西亞)
text(Fiyi)	text(is:still:in)	text(أوقيانوسيا)
text(कांगो:गणराज्य)	text(was:adjacent:to)	text(加蓬)
text(República:del:Congo)	text(is:adjacent:to)	text(कांगो:लोकतान्त्रिक:गणराज्य)
text(Congo-Brazzaville)	text(neighbors)	text(安哥拉)
text(Republic:of:the:Congo)	text(is:a:neighboring:country:of)	text(Cameroon)
text(جمهورية:الكونغو)	text(was:a:neighboring:country:of)	text(Central:African:Republic)
text(Saoedi-Arabië)	text(neighbors:with)	text(卡塔尔)
text(السعودية)	text(was:a:neighbor:of)	text(United:Arab:Emirates)
text(沙特阿拉伯)	text(is:a:neighbor:of)	text(Jordan)
text(Saudi:Arabia)	text(is:a:neighboring:state:to)	text(也门)
text(सउदी:अरब)	text(was:a:neighboring:state:to)	text(ओमान)
text(Arabia:Saudí)	text(borders:with)	text(कुवैत)
text(Saoedi-Arabië)	text(borders)	text(伊拉克)
text(السلفادور)	text(was:still:in)	text(أمريكا:الوسطى)
text(अल:साल्वाडोर)	text(is:butted:against)	text(غواتيمالا)
text(El:Salvador)	text(was:butted:against)	text(हॉण्डुरस)
text(Madagaskar)	text(was:currently:in)	text(East:Africa)
text(مدغشقر)	text(is:currently:in)	text(अफ्रीका)
text(Australië)	text(is:placed:in)	text(Australia:and:New:Zealand)
text(أستراليا)	text(was:placed:in)	text(Oceanía)
text(ناميبيا)	text(can:be:found:in)	text(दक्षिणी:अफ्रीका)
text(Namibia)	text(was:situated:in)	text(إفريقيا)
text(纳米比亚)	text(was:adjacent:to)	text(贊比亞)
text(Namibië)	text(is:adjacent:to)	text(أنغولا)
text(नामीबिया)	text(neighbors)	text(جنوب:إفريقيا)
text(Namibia)	text(is:a:neighboring:country:of)	text(बोत्सवाना)
text(توفالو)	text(is:situated:in)	text(Polynesië)
text(吐瓦魯)	text(is:located:in)	text(大洋洲)
text(Svalbard:and:Jan:Mayen)	text(was:located:in)	text(أوروبا:الشمالية)
text(Svalbard:y:Jan:Mayen)	text(can:be:found:in)	text(Europe)
text(Isla:de:Man)	text(was:positioned:in)	text(北歐)
text(جزيرة:مان)	text(is:positioned:in)	text(Europa)
text(Guyana)	text(was:a:neighboring:country:of)	text(Brazil)
text(Guyana)	text(neighbors:with)	text(सूरीनाम)
text(圭亚那)	text(was:a:neighbor:of)	text(委內瑞拉)
text(Vaticaanstad)	text(was:sited:in)	text(Europa:del:Sur)
text(Vatican:City)	text(is:sited:in)	text(欧洲)
text(الفاتيكان)	text(is:a:neighbor:of)	text(Italië)
text(British:Indian:Ocean:Territory)	text(was:localized:in)	text(África:Oriental)
text(ब्रिटिश:हिंद:महासागर:क्षेत्र)	text(is:localized:in)	text(非洲)
text(نيجيريا)	text(was:present:in)	text(West-Afrika)
text(Nigeria)	text(is:present:in)	text(Africa)
text(Nigeria)	text(is:a:neighboring:state:to)	text(चाड)
text(奈及利亞)	text(was:a:neighboring:state:to)	text(Níger)
text(नाइजीरिया)	text(borders:with)	text(الكاميرون)
text(Nigeria)	text(borders)	text(貝南)
text(Alemania)	text(is:butted:against)	text(丹麥)
text(德國)	text(was:butted:against)	text(Nederland)
text(ألمانيا)	text(was:adjacent:to)	text(Polen)
text(जर्मनी)	text(is:adjacent:to)	text(卢森堡)
text(Germany)	text(neighbors)	text(比利時)
text(Duitsland)	text(is:a:neighboring:country:of)	text(Switzerland)
text(Alemania)	text(was:a:neighboring:country:of)	text(Austria)
text(德國)	text(neighbors:with)	text(Frankrijk)
text(ألمانيا)	text(was:a:neighbor:of)	text(Czech:Republic)
text(Burkina:Faso)	text(is:a:neighbor:of)	text(Togo)
text(布吉納法索)	text(is:a:neighboring:state:to)	text(Benin)
text(बुर्किना:फासो)	text(was:a:neighboring:state:to)	text(Niger)
text(بوركينا:فاسو)	text(borders:with)	text(Ghana)
text(Burkina:Faso)	text(borders)	text(Mali)
text(Burkina:Faso)	text(is:butted:against)	text(Ivoorkust)
text(Tanzania)	text(was:butted:against)	text(Uganda)
text(Tanzania)	text(was:adjacent:to)	text(मोज़ाम्बीक)
text(坦桑尼亞)	text(is:adjacent:to)	text(Congo-Kinshasa)
text(तंज़ानिया)	text(neighbors)	text(Kenia)
text(Tanzania)	text(is:a:neighboring:country:of)	text(रवाण्डा)
text(تنزانيا)	text(was:a:neighboring:country:of)	text(Zambia)
text(Tanzania)	text(neighbors:with)	text(Malaui)
text(Tanzania)	text(was:a:neighbor:of)	text(Burundi)
text(Northern:Mariana:Islands)	text(is:still:in)	text(Micronesia)
text(جزر:ماريانا:الشمالية)	text(was:still:in)	text(Oceanië)
text(Belize)	text(was:currently:in)	text(América:Central)
text(伯利兹)	text(is:a:neighbor:of)	text(Guatemala)
text(بليز)	text(is:a:neighboring:state:to)	text(México)
text(Norway)	text(was:a:neighboring:state:to)	text(Suecia)
text(挪威)	text(borders:with)	text(فنلندا)
text(النرويج)	text(borders)	text(俄罗斯)
text(Cocos:(Keeling):Islands)	text(is:currently:in)	text(nan)
text(جزر:كوكوس)	text(is:placed:in)	text(Oceania)
text(Laos)	text(was:placed:in)	text(Southeast:Asia)
text(लाओस)	text(is:butted:against)	text(中华人民共和国)
text(老撾)	text(was:butted:against)	text(कम्बोडिया)
text(Laos)	text(was:adjacent:to)	text(म्यान्मार)
text(Laos)	text(is:adjacent:to)	text(越南)
text(لاوس)	text(neighbors)	text(泰國)
text(الجمهورية:العربية:الصحراوية:الديمقراطية)	text(can:be:found:in)	text(شمال:إفريقيا)
text(Sahrawi:Arabische:Democratische:Republiek)	text(is:a:neighboring:country:of)	text(阿爾及利亞)
text(撒拉威阿拉伯民主共和國)	text(was:a:neighboring:country:of)	text(Mauritania)
text(सहरावी:अरब:जनतांत्रिक:गणराज्य)	text(neighbors:with)	text(Morocco)
text(Suriname)	text(was:situated:in)	text(South:America)
text(Surinam)	text(was:a:neighbor:of)	text(ब्राज़ील)
text(蘇利南)	text(is:a:neighbor:of)	text(法屬圭亞那)
text(Suriname)	text(is:a:neighboring:state:to)	text(गयाना)
text(क्रिसमस:द्वीप)	text(is:situated:in)	text(Australië:en:Nieuw-Zeeland)
text(جزيرة:عيد:الميلاد)	text(is:located:in)	text(ओशिआनिया)
text(São:Tomé:and:Príncipe)	text(was:located:in)	text(Centraal-Afrika)
text(साओ:तोमे:और:प्रिन्सिपी)	text(can:be:found:in)	text(Afrika)
text(埃及)	text(was:a:neighboring:state:to)	text(Libië)
text(Egypte)	text(borders:with)	text(Israel)
text(مصر)	text(borders)	text(Sudán)
text(Bulgaria)	text(is:butted:against)	text(North:Macedonia)
text(保加利亚)	text(was:butted:against)	text(تركيا)
text(बुल्गारिया)	text(was:adjacent:to)	text(Grecia)
text(Bulgaria)	text(is:adjacent:to)	text(Serbia)
text(Bulgarije)	text(neighbors)	text(Rumania)
text(Guinea)	text(was:positioned:in)	text(पश्चिमी:अफ्रीका)
text(غينيا)	text(is:a:neighboring:country:of)	text(Guinea-Bissau)
text(Guinea)	text(was:a:neighboring:country:of)	text(सिएरा:लियोन)
text(गिनी)	text(neighbors:with)	text(Mali)
text(Guinee)	text(was:a:neighbor:of)	text(Liberia)
text(几内亚)	text(is:a:neighbor:of)	text(Senegal)
text(Guinea)	text(is:a:neighboring:state:to)	text(ساحل:العاج)
text(स्पेन)	text(was:a:neighboring:state:to)	text(मोरक्को)
text(España)	text(borders:with)	text(जिब्राल्टर)
text(إسبانيا)	text(borders)	text(أندورا)
text(Spanje)	text(is:butted:against)	text(فرنسا)
text(西班牙)	text(was:butted:against)	text(Portugal)
text(कोस्टा:रीका)	text(is:positioned:in)	text(中美洲)
text(哥斯达黎加)	text(was:adjacent:to)	text(Panama)
text(Costa:Rica)	text(is:adjacent:to)	text(निकारागुआ)
text(Malta)	text(was:sited:in)	text(दक्षिणी:यूरोप)
text(Malta)	text(is:sited:in)	text(Europa)
text(البرتغال)	text(was:localized:in)	text(南欧)
text(葡萄牙)	text(neighbors)	text(Spain)
text(Romania)	text(is:localized:in)	text(Oost-Europa)
text(रोमानिया)	text(is:a:neighboring:country:of)	text(烏克蘭)
text(Roemenië)	text(was:a:neighboring:country:of)	text(Hungary)
text(رومانيا)	text(neighbors:with)	text(Moldova)
text(羅馬尼亞)	text(was:a:neighbor:of)	text(بلغاريا)
text(Rumania)	text(is:a:neighbor:of)	text(सर्बिया)
text(سان:مارينو)	text(was:present:in)	text(Southern:Europe)
text(सान:मारिनो)	text(is:present:in)	text(यूरोप)
text(San:Marino)	text(is:a:neighboring:state:to)	text(Italia)
text(موريتانيا)	text(is:still:in)	text(西非)
text(Mauritanië)	text(was:still:in)	text(África)
text(Mauritania)	text(was:a:neighboring:state:to)	text(Algerije)
text(मॉरीतानिया)	text(borders:with)	text(马里)
text(毛里塔尼亞)	text(borders)	text(República:Árabe:Saharaui:Democrática)
text(Mauritania)	text(is:butted:against)	text(塞内加尔)
text(Trinidad:y:Tobago)	text(was:currently:in)	text(加勒比地区)
text(त्रिनिदाद:और:टोबैगो)	text(is:currently:in)	text(美洲)
text(बहरीन)	text(is:placed:in)	text(Asia:Occidental)
text(البحرين)	text(was:placed:in)	text(Asia)
text(Myanmar)	text(was:butted:against)	text(India)
text(ميانمار)	text(was:adjacent:to)	text(Bangladés)
text(緬甸)	text(is:adjacent:to)	text(चीनी:जनवादी:गणराज्य)
text(Birmania)	text(neighbors)	text(Laos)
text(Myanmar)	text(is:a:neighboring:country:of)	text(थाईलैंड)
text(العراق)	text(was:a:neighboring:country:of)	text(तुर्की)
text(इराक)	text(neighbors:with)	text(السعودية)
text(Iraq)	text(was:a:neighbor:of)	text(Iran)
text(Irak)	text(is:a:neighbor:of)	text(Jordanië)
text(Irak)	text(is:a:neighboring:state:to)	text(Kuwait)
text(伊拉克)	text(was:a:neighboring:state:to)	text(Siria)
text(Zuid-Georgia:en:de:Zuidelijke:Sandwicheilanden)	text(can:be:found:in)	text(أمريكا:الجنوبية)
text(جورجيا:الجنوبية:وجزر:ساندويتش:الجنوبية)	text(was:situated:in)	text(महाअमेरिका)
text(冰島)	text(is:situated:in)	text(Northern:Europe)
text(आइसलैण्ड)	text(is:located:in)	text(أوروبا)
text(Democratic:Republic:of:the:Congo)	text(was:located:in)	text(中部非洲)
text(República:Democrática:del:Congo)	text(borders:with)	text(Oeganda)
text(刚果民主共和国)	text(borders)	text(坦桑尼亞)
text(جمهورية:الكونغو:الديمقراطية)	text(is:butted:against)	text(剛果共和國)
text(कांगो:लोकतान्त्रिक:गणराज्य)	text(was:butted:against)	text(جمهورية:إفريقيا:الوسطى)
text(Congo-Kinshasa)	text(was:adjacent:to)	text(अंगोला)
text(Democratic:Republic:of:the:Congo)	text(is:adjacent:to)	text(رواندا)
text(República:Democrática:del:Congo)	text(neighbors)	text(Sudán:del:Sur)
text(刚果民主共和国)	text(is:a:neighboring:country:of)	text(Zambia)
text(جمهورية:الكونغو:الديمقراطية)	text(was:a:neighboring:country:of)	text(बुरुण्डी)
text(Seychellen)	text(can:be:found:in)	text(شرق:إفريقيا)
text(Seychelles)	text(was:positioned:in)	text(अफ्रीका)
text(قرغيزستان)	text(neighbors:with)	text(República:Popular:China)
text(किर्गिज़स्तान)	text(was:a:neighbor:of)	text(Kazajistán)
text(Kirgizië)	text(is:a:neighbor:of)	text(Tadzjikistan)
text(Kirguistán)	text(is:a:neighboring:state:to)	text(उज़्बेकिस्तान)
text(Botsuana)	text(is:positioned:in)	text(Zuidelijk:Afrika)
text(بوتسوانا)	text(was:a:neighboring:state:to)	text(ज़िम्बाब्वे)
text(Botswana)	text(borders:with)	text(ناميبيا)
text(Botswana)	text(borders)	text(زامبيا)
text(波札那)	text(is:butted:against)	text(दक्षिण:अफ़्रीका)
text(جزر:فارو)	text(was:sited:in)	text(Europa:del:Norte)
text(Faeröer)	text(is:sited:in)	text(Europe)
text(जमैका)	text(was:localized:in)	text(Caraïben)
text(牙買加)	text(is:localized:in)	text(Amerika)
text(Amerikaans-Samoa)	text(was:present:in)	text(Polinesia)
text(Samoa:Americana)	text(is:present:in)	text(أوقيانوسيا)
text(लेसोथो)	text(is:still:in)	text(África:austral)
text(Lesoto)	text(was:still:in)	text(إفريقيا)
text(莱索托)	text(was:butted:against)	text(南非)
text(श्रीलंका)	text(was:adjacent:to)	text(الهند)
text(बेल्जियम)	text(was:currently:in)	text(西欧)
text(Bélgica)	text(is:adjacent:to)	text(जर्मनी)
text(بلجيكا)	text(neighbors)	text(Luxemburgo)
text(Belgium)	text(is:a:neighboring:country:of)	text(Francia)
text(België)	text(was:a:neighboring:country:of)	text(荷蘭)
text(Qatar)	text(is:currently:in)	text(West:Asia)
text(Qatar)	text(neighbors:with)	text(沙特阿拉伯)
text(所罗门群岛)	text(is:placed:in)	text(Melanesië)
text(جزر:سليمان)	text(was:placed:in)	text(Oceanía)
text(सीरिया)	text(can:be:found:in)	text(غرب:آسيا)
text(敘利亞)	text(was:a:neighbor:of)	text(Israel)
text(Syrië)	text(is:a:neighbor:of)	text(Turquía)
text(سوريا)	text(is:a:neighboring:state:to)	text(जॉर्डन)
text(Syria)	text(was:a:neighboring:state:to)	text(लेबनॉन)
text(Siria)	text(borders:with)	text(العراق)
text(India)	text(was:situated:in)	text(جنوب:آسيا)
text(भारत)	text(borders)	text(阿富汗)
text(印度)	text(is:butted:against)	text(Bután)
text(India)	text(was:butted:against)	text(بنغلاديش)
text(India)	text(was:adjacent:to)	text(الصين)
text(الهند)	text(is:adjacent:to)	text(尼泊爾)
text(India)	text(neighbors)	text(म्यान्मार)
text(भारत)	text(is:a:neighboring:country:of)	text(Pakistan)
text(印度)	text(was:a:neighboring:country:of)	text(سريلانكا)
text(Marruecos)	text(neighbors:with)	text(Algeria)
text(المغرب)	text(was:a:neighbor:of)	text(स्पेन)
text(摩洛哥)	text(is:a:neighbor:of)	text(Sahrawi:Arab:Democratic:Republic)
text(Kenya)	text(is:situated:in)	text(Oost-Afrika)
text(肯尼亚)	text(is:a:neighboring:state:to)	text(युगाण्डा)
text(كينيا)	text(was:a:neighboring:state:to)	text(तंज़ानिया)
text(Kenia)	text(borders:with)	text(Somalië)
text(कीनिया)	text(borders)	text(جنوب:السودان)
text(Kenia)	text(is:butted:against)	text(Etiopía)
text(दक्षिण:सूडान)	text(is:located:in)	text(Central:Africa)
text(Zuid-Soedan)	text(was:butted:against)	text(Uganda)
text(南蘇丹)	text(was:adjacent:to)	text(कांगो:लोकतान्त्रिक:गणराज्य)
text(South:Sudan)	text(is:adjacent:to)	text(Kenya)
text(Sudán:del:Sur)	text(neighbors)	text(República:Centroafricana)
text(جنوب:السودان)	text(is:a:neighboring:country:of)	text(Sudan)
text(दक्षिण:सूडान)	text(was:a:neighboring:country:of)	text(Ethiopia)
text(घाना)	text(neighbors:with)	text(Burkina:Faso)
text(Ghana)	text(was:a:neighbor:of)	text(Ivory:Coast)
text(迦納)	text(is:a:neighbor:of)	text(توغو)
text(Tajikistan)	text(was:located:in)	text(آسيا:الوسطى)
text(Tayikistán)	text(is:a:neighboring:state:to)	text(People's:Republic:of:China)
text(طاجيكستان)	text(was:a:neighboring:state:to)	text(吉尔吉斯斯坦)
text(ताजीकिस्तान)	text(borders:with)	text(Afganistán)
text(塔吉克斯坦)	text(borders)	text(乌兹别克斯坦)
text(Marshall:Islands)	text(can:be:found:in)	text(Micronesia)
text(جزر:مارشال)	text(was:positioned:in)	text(大洋洲)
text(喀麦隆)	text(is:positioned:in)	text(मध्य:अफ्रीका)
text(Kameroen)	text(is:butted:against)	text(乍得)
text(कैमरुन)	text(was:butted:against)	text(कांगो:गणराज्य)
text(Camerún)	text(was:adjacent:to)	text(الغابون)
text(Cameroon)	text(is:adjacent:to)	text(भूमध्यरेखीय:गिनी)
text(الكاميرون)	text(neighbors)	text(Centraal-Afrikaanse:Republiek)
text(喀麦隆)	text(is:a:neighboring:country:of)	text(نيجيريا)
text(नौरु)	text(was:sited:in)	text(Micronesië)
text(Nauru)	text(is:sited:in)	text(Oceanië)
text(Thailand)	text(was:a:neighboring:country:of)	text(Camboya)
text(تايلاند)	text(neighbors:with)	text(Myanmar)
text(Thailand)	text(was:a:neighbor:of)	text(लाओस)
text(Tailandia)	text(is:a:neighbor:of)	text(Maleisië)
text(Soedan)	text(is:a:neighboring:state:to)	text(Chad)
text(السودان)	text(was:a:neighboring:state:to)	text(Libya)
text(सूडान)	text(borders:with)	text(Zuid-Soedan)
text(苏丹)	text(borders)	text(Eritrea)
text(Sudán)	text(is:butted:against)	text(मध्य:अफ़्रीकी:गणराज्य)
text(Sudan)	text(was:butted:against)	text(Egypt)
text(Soedan)	text(was:adjacent:to)	text(إثيوبيا)
text(Chad)	text(was:localized:in)	text(وسط:إفريقيا)
text(Tsjaad)	text(is:adjacent:to)	text(利比亞)
text(تشاد)	text(neighbors)	text(Niger)
text(चाड)	text(is:a:neighboring:country:of)	text(南蘇丹)
text(乍得)	text(was:a:neighboring:country:of)	text(Kameroen)
text(Chad)	text(neighbors:with)	text(中非共和國)
text(Chad)	text(was:a:neighbor:of)	text(Nigeria)
text(वानूआटू)	text(is:localized:in)	text(Melanesia)
text(Vanuatu)	text(was:present:in)	text(Oceania)
text(केप:वर्दे)	text(is:present:in)	text(West:Africa)
text(Cape:Verde)	text(is:still:in)	text(非洲)
text(Falkland:Islands)	text(was:still:in)	text(दक्षिण:अमेरिका)
text(جزر:فوكلاند)	text(was:currently:in)	text(América)
text(लाइबेरिया)	text(is:currently:in)	text(África:Occidental)
text(ليبيريا)	text(is:a:neighbor:of)	text(Costa:de:Marfil)
text(Liberia)	text(is:a:neighboring:state:to)	text(Sierra:Leone)
text(Liberia)	text(was:a:neighboring:state:to)	text(غينيا)
text(Cambodja)	text(is:placed:in)	text(Zuidoost-Azië)
text(Cambodia)	text(borders:with)	text(Vietnam)
text(柬埔寨)	text(borders)	text(泰國)
text(كمبوديا)	text(is:butted:against)	text(老撾)
text(Zimbabue)	text(was:butted:against)	text(Zambia)
text(Zimbabwe)	text(was:adjacent:to)	text(South:Africa)
text(زيمبابوي)	text(is:adjacent:to)	text(बोत्सवाना)
text(津巴布韦)	text(neighbors)	text(莫桑比克)
text(جزر:القمر)	text(was:placed:in)	text(पूर्वी:अफ्रीका)
text(葛摩)	text(can:be:found:in)	text(Africa)
text(Guam)	text(was:situated:in)	text(密克羅尼西亞群島)
text(Guam)	text(is:situated:in)	text(ओशिआनिया)
text(巴哈馬)	text(is:located:in)	text(कैरिबिया)
text(Bahamas)	text(was:located:in)	text(أمريكتان)
text(Lebanon)	text(can:be:found:in)	text(पश्चिमी:एशिया)
text(Líbano)	text(was:positioned:in)	text(亞洲)
text(لبنان)	text(is:a:neighboring:country:of)	text(以色列)
text(Libanon)	text(was:a:neighboring:country:of)	text(सीरिया)
text(سانت:مارتن)	text(is:positioned:in)	text(Caribe)
text(Sint:Maarten)	text(was:sited:in)	text(Americas)
text(Saint:Martin)	text(neighbors:with)	text(Saint-Martin)
text(Ethiopië)	text(is:sited:in)	text(东部非洲)
text(इथियोपिया)	text(was:a:neighbor:of)	text(索馬里)
text(埃塞俄比亚)	text(is:a:neighbor:of)	text(肯尼亚)
text(Etiopía)	text(is:a:neighboring:state:to)	text(Eritrea)
text(Ethiopia)	text(was:a:neighboring:state:to)	text(South:Sudan)
text(إثيوبيا)	text(borders:with)	text(Djibouti)
text(Ethiopië)	text(borders)	text(السودان)
text(Islas:Vírgenes:de:los:Estados:Unidos)	text(was:localized:in)	text(Caribbean)
text(جزر:العذراء:التابعة:الولايات:المتحدة)	text(is:localized:in)	text(美洲)
text(गिनी-बिसाऊ)	text(was:present:in)	text(غرب:إفريقيا)
text(Guinee-Bissau)	text(is:present:in)	text(Afrika)
text(畿內亞比紹)	text(is:butted:against)	text(Guinea)
text(غينيا:بيساو)	text(was:butted:against)	text(السنغال)
text(Libia)	text(is:still:in)	text(उत्तर:अफ़्रीका)
text(ليبيا)	text(was:adjacent:to)	text(Tsjaad)
text(लीबिया)	text(is:adjacent:to)	text(Túnez)
text(Libië)	text(neighbors)	text(尼日尔)
text(Libya)	text(is:a:neighboring:country:of)	text(Argelia)
text(利比亞)	text(was:a:neighboring:country:of)	text(मिस्र)
text(Libia)	text(neighbors:with)	text(सूडान)
text(भूटान)	text(was:still:in)	text(南亚)
text(بوتان)	text(was:currently:in)	text(آسيا)
text(Bhutan)	text(was:a:neighbor:of)	text(Volksrepubliek:China)
text(不丹)	text(is:a:neighbor:of)	text(India)
text(Macau)	text(is:currently:in)	text(Oost-Azië)
text(मकाउ)	text(is:placed:in)	text(एशिया)
text(ماكاو)	text(is:a:neighboring:state:to)	text(中华人民共和国)
text(फ़्रान्सीसी:पॉलिनेशिया)	text(was:placed:in)	text(玻里尼西亞)
text(Frans-Polynesië)	text(can:be:found:in)	text(أوقيانوسيا)
text(Somalia)	text(was:situated:in)	text(East:Africa)
text(सोमालिया)	text(was:a:neighboring:state:to)	text(Yibuti)
text(الصومال)	text(borders:with)	text(كينيا)
text(Somalia)	text(borders)	text(इथियोपिया)
text(सेंट:बार्थेलेमी)	text(is:situated:in)	text(الكاريبي)
text(San:Bartolomé)	text(is:located:in)	text(महाअमेरिका)
text(Rusia)	text(was:located:in)	text(أوروبا:الشرقية)
text(Russia)	text(is:butted:against)	text(Ucrania)
text(Rusland)	text(was:butted:against)	text(Belarus)
text(रूस)	text(was:adjacent:to)	text(चीनी:जनवादी:गणराज्य)
text(روسيا)	text(is:adjacent:to)	text(Kazachstan)
text(俄罗斯)	text(neighbors)	text(Noruega)
text(Rusia)	text(is:a:neighboring:country:of)	text(波蘭)
text(Russia)	text(was:a:neighboring:country:of)	text(Azerbaiyán)
text(Rusland)	text(neighbors:with)	text(ليتوانيا)
text(रूस)	text(was:a:neighbor:of)	text(إستونيا)
text(روسيا)	text(is:a:neighbor:of)	text(North:Korea)
text(俄罗斯)	text(is:a:neighboring:state:to)	text(Finlandia)
text(Rusia)	text(was:a:neighboring:state:to)	text(Mongolië)
text(Russia)	text(borders:with)	text(लातविया)
text(Rusland)	text(borders)	text(Georgië)
text(نيوزيلندا)	text(can:be:found:in)	text(nan)
text(New:Zealand)	text(was:positioned:in)	text(Oceanía)
text(पनामा)	text(is:positioned:in)	text(Centraal-Amerika)
text(بنما)	text(was:sited:in)	text(Amerika)
text(Panamá)	text(is:butted:against)	text(Costa:Rica)
text(巴拿馬)	text(was:butted:against)	text(Colombia)
text(巴布亚新几内亚)	text(is:sited:in)	text(Melanesia)
text(Papua:New:Guinea)	text(was:adjacent:to)	text(Indonesia)
text(朝鮮民主主義人民共和國)	text(is:adjacent:to)	text(República:Popular:China)
text(उत्तर:कोरिया)	text(neighbors)	text(Corea:del:Sur)
text(Noord-Korea)	text(is:a:neighboring:country:of)	text(रूस)
text(Latvia)	text(was:localized:in)	text(Noord-Europa)
text(Letonia)	text(was:a:neighboring:country:of)	text(立陶宛)
text(拉脫維亞)	text(neighbors:with)	text(Bielorrusia)
text(لاتفيا)	text(was:a:neighbor:of)	text(روسيا)
text(Letland)	text(is:a:neighbor:of)	text(愛沙尼亞)
text(سلطنة:عمان)	text(is:localized:in)	text(西亚)
text(阿曼)	text(is:a:neighboring:state:to)	text(Saudi:Arabia)
text(Oman)	text(was:a:neighboring:state:to)	text(اليمن)
text(Omán)	text(borders:with)	text(Emiratos:Árabes:Unidos)
text(San:Pedro:y:Miquelón)	text(was:present:in)	text(North:America)
text(Saint:Pierre:and:Miquelon)	text(is:present:in)	text(América)
text(Martinique)	text(is:still:in)	text(加勒比地区)
text(Martinica)	text(was:still:in)	text(أمريكتان)
text(Verenigd:Koninkrijk)	text(was:currently:in)	text(उत्तरी:यूरोप)
text(المملكة:المتحدة)	text(is:currently:in)	text(Europa)
text(United:Kingdom)	text(borders)	text(المملكة:المتحدة)
text(Israël)	text(is:placed:in)	text(Zuidwest-Azië)
text(इज़राइल)	text(is:butted:against)	text(黎巴嫩)
text(إسرائيل)	text(was:butted:against)	text(Egipto)
text(Israel)	text(was:adjacent:to)	text(約旦)
text(Israel)	text(is:adjacent:to)	text(敘利亞)
text(Jersey)	text(was:placed:in)	text(أوروبا:الشمالية)
text(जर्सी)	text(can:be:found:in)	text(欧洲)
text(Pitcairn:Islands)	text(was:situated:in)	text(بولنيزيا)
text(Pitcairneilanden)	text(is:situated:in)	text(大洋洲)
text(Togo)	text(is:located:in)	text(West-Afrika)
text(टोगो)	text(neighbors)	text(布吉納法索)
text(多哥)	text(is:a:neighboring:country:of)	text(غانا)
text(Togo)	text(was:a:neighboring:country:of)	text(بنين)
text(Kiribati)	text(was:located:in)	text(माइक्रोनीशिया)
text(Kiribati)	text(can:be:found:in)	text(Oceanië)
text(ईरान)	text(was:positioned:in)	text(दक्षिण:एशिया)
text(Iran)	text(neighbors:with)	text(Afghanistan)
text(伊朗)	text(was:a:neighbor:of)	text(तुर्कमेनिस्तान)
text(إيران)	text(is:a:neighbor:of)	text(土耳其)
text(Irán)	text(is:a:neighboring:state:to)	text(Armenië)
text(Iran)	text(was:a:neighboring:state:to)	text(Azerbaijan)
text(ईरान)	text(borders:with)	text(Pakistan)
text(Iran)	text(borders)	text(इराक)
text(تجمع:سان:مارتين)	text(is:positioned:in)	text(Caraïben)
text(San:Martín)	text(was:sited:in)	text(Americas)
text(सेंट:मार्टिन:की:सामूहिकता)	text(is:butted:against)	text(सेंट:मार्टिन)
text(República:Dominicana)	text(is:sited:in)	text(कैरिबिया)
text(डोमिनिकन:गणराज्य)	text(was:localized:in)	text(美洲)
text(多明尼加)	text(was:butted:against)	text(Haití)
text(Denmark)	text(was:adjacent:to)	text(Germany)
text(Bermuda)	text(is:localized:in)	text(北美洲)
text(برمودا)	text(was:present:in)	text(महाअमेरिका)
text(Chile)	text(is:adjacent:to)	text(阿根廷)
text(تشيلي)	text(neighbors)	text(Bolivia)
text(Chile)	text(is:a:neighboring:country:of)	text(Perú)
text(कोसोवो:गणराज्य)	text(is:present:in)	text(东欧)
text(Kosovo)	text(was:a:neighboring:country:of)	text(صربيا)
text(كوسوفو)	text(neighbors:with)	text(Albanië)
text(Kosovo)	text(was:a:neighbor:of)	text(مقدونيا:الشمالية)
text(科索沃)	text(is:a:neighbor:of)	text(मॉन्टेनीग्रो)
text(聖克里斯多福及尼維斯)	text(is:still:in)	text(Caribe)
text(Saint:Kitts:en:Nevis)	text(was:still:in)	text(Amerika)
text(Eritrea)	text(is:a:neighboring:state:to)	text(جيبوتي)
text(इरित्रिया)	text(was:a:neighboring:state:to)	text(苏丹)
text(إرتريا)	text(borders:with)	text(埃塞俄比亚)
text(赤道几内亚)	text(was:currently:in)	text(África:Central)
text(غينيا:الاستوائية)	text(is:currently:in)	text(África)
text(Equatorial:Guinea)	text(borders)	text(गबॉन)
text(Equatoriaal-Guinea)	text(is:butted:against)	text(कैमरुन)
text(नाइजर)	text(is:placed:in)	text(पश्चिमी:अफ्रीका)
text(النيجر)	text(was:butted:against)	text(تشاد)
text(Níger)	text(was:adjacent:to)	text(ليبيا)
text(Niger)	text(is:adjacent:to)	text(बुर्किना:फासो)
text(Niger)	text(neighbors)	text(Benín)
text(尼日尔)	text(is:a:neighboring:country:of)	text(Mali)
text(नाइजर)	text(was:a:neighboring:country:of)	text(अल्जीरिया)
text(النيجر)	text(neighbors:with)	text(Nigeria)
text(अंगुइला)	text(was:placed:in)	text(Caribbean)
text(أنغويلا)	text(can:be:found:in)	text(América)
text(Ruanda)	text(was:situated:in)	text(África:Oriental)
text(卢旺达)	text(was:a:neighbor:of)	text(بوروندي)
text(Rwanda)	text(is:a:neighbor:of)	text(Tanzania)
text(Rwanda)	text(is:a:neighboring:state:to)	text(烏干達)
text(रवाण्डा)	text(was:a:neighboring:state:to)	text(Congo-Kinshasa)
text(الإمارات:العربية:المتحدة)	text(is:situated:in)	text(Asia:Occidental)
text(阿拉伯联合酋长国)	text(borders:with)	text(Oman)
text(संयुक्त:अरब:अमीरात)	text(borders)	text(सउदी:अरब)
text(Estonia)	text(is:located:in)	text(北歐)
text(एस्टोनिया)	text(was:located:in)	text(Europa)
text(Estonia)	text(is:butted:against)	text(लातविया)
text(Estland)	text(was:butted:against)	text(俄罗斯)
text(اليونان)	text(can:be:found:in)	text(أوروبا:الجنوبية)
text(यूनान)	text(was:adjacent:to)	text(Bulgaria)
text(Greece)	text(is:adjacent:to)	text(阿爾巴尼亞)
text(希腊)	text(neighbors)	text(उत्तर:मैसिडोनिया)
text(Griekenland)	text(is:a:neighboring:country:of)	text(Turkije)
text(Senegal)	text(was:positioned:in)	text(西非)
text(Senegal)	text(is:positioned:in)	text(अफ्रीका)
text(सेनेगल)	text(was:a:neighboring:country:of)	text(Guinea-Bisáu)
text(Senegal)	text(neighbors:with)	text(موريتانيا)
text(塞内加尔)	text(was:a:neighbor:of)	text(مالي)
text(السنغال)	text(is:a:neighbor:of)	text(Gambia)
text(Senegal)	text(is:a:neighboring:state:to)	text(गिनी)
text(Guadeloupe)	text(was:sited:in)	text(الكاريبي)
text(غوادلوب)	text(is:sited:in)	text(أمريكتان)
text(मोनाको)	text(was:a:neighboring:state:to)	text(法國)
text(Djibouti)	text(borders:with)	text(厄立特里亞)
text(जिबूती)	text(borders)	text(Somalië)
text(吉布提)	text(is:butted:against)	text(Etiopía)
text(इंडोनेशिया)	text(was:butted:against)	text(Papúa:Nueva:Guinea)
text(إندونيسيا)	text(was:adjacent:to)	text(Oost-Timor)
text(Indonesië)	text(is:adjacent:to)	text(ماليزيا)
text(ब्रिटिश:वर्जिन:द्वीपसमूह)	text(was:localized:in)	text(加勒比地区)
text(英屬維爾京群島)	text(is:localized:in)	text(Americas)
text(جزر:كوك)	text(was:present:in)	text(पोलीनेशिया)
text(Islas:Cook)	text(is:present:in)	text(Oceania)
text(أوغندا)	text(is:still:in)	text(شرق:إفريقيا)
text(Uganda)	text(neighbors)	text(تنزانيا)
text(Oeganda)	text(is:a:neighboring:country:of)	text(Democratic:Republic:of:the:Congo)
text(युगाण्डा)	text(was:a:neighboring:country:of)	text(Kenia)
text(Uganda)	text(neighbors:with)	text(Sudán:del:Sur)
text(烏干達)	text(was:a:neighbor:of)	text(رواندا)
text(Noord-Macedonië)	text(was:still:in)	text(Zuid-Europa)
text(北马其顿)	text(is:a:neighbor:of)	text(Kosovo)
text(Macedonia:del:Norte)	text(is:a:neighboring:state:to)	text(Grecia)
text(North:Macedonia)	text(was:a:neighboring:state:to)	text(Albania)
text(مقدونيا:الشمالية)	text(borders:with)	text(Serbia)
text(उत्तर:मैसिडोनिया)	text(borders)	text(保加利亚)
text(ट्यूनिशिया)	text(was:currently:in)	text(North:Africa)
text(突尼西亞)	text(is:currently:in)	text(إفريقيا)
text(Tunesië)	text(is:butted:against)	text(लीबिया)
text(Tunisia)	text(was:butted:against)	text(الجزائر)
text(Ecuador)	text(was:adjacent:to)	text(पेरू)
text(ईक्वाडोर)	text(is:adjacent:to)	text(كولومبيا)
text(البرازيل)	text(is:placed:in)	text(Zuid-Amerika)
text(巴西)	text(neighbors)	text(Bolivia)
text(Brasil)	text(is:a:neighboring:country:of)	text(Colombia)
text(Brazilië)	text(was:a:neighboring:country:of)	text(पैराग्वे)
text(Brazil)	text(neighbors:with)	text(Uruguay)
text(ब्राज़ील)	text(was:a:neighbor:of)	text(French:Guiana)
text(البرازيل)	text(is:a:neighbor:of)	text(سورينام)
text(巴西)	text(is:a:neighboring:state:to)	text(वेनेज़ुएला)
text(Brasil)	text(was:a:neighboring:state:to)	text(Argentinië)
text(Brazilië)	text(borders:with)	text(غيانا)
text(Brazil)	text(borders)	text(Peru)
text(Paraguay)	text(was:placed:in)	text(南美洲)
text(Paraguay)	text(can:be:found:in)	text(美洲)
text(باراغواي)	text(is:butted:against)	text(अर्जेण्टीना)
text(巴拉圭)	text(was:butted:against)	text(ब्राज़ील)
text(Paraguay)	text(was:adjacent:to)	text(玻利維亞)
text(Finland)	text(was:situated:in)	text(Northern:Europe)
text(芬蘭)	text(is:adjacent:to)	text(Noorwegen)
text(Finland)	text(neighbors)	text(स्वीडन)
text(फ़िनलैण्ड)	text(is:a:neighboring:country:of)	text(Rusia)
text(Jordania)	text(was:a:neighboring:country:of)	text(Arabia:Saudí)
text(الأردن)	text(neighbors:with)	text(以色列)
text(Jordan)	text(was:a:neighbor:of)	text(Iraq)
text(Jordanië)	text(is:a:neighbor:of)	text(Syrië)
text(Timor:Oriental)	text(is:a:neighboring:state:to)	text(印度尼西亚)
text(Montenegro)	text(is:situated:in)	text(Europa:del:Sur)
text(Montenegro)	text(was:a:neighboring:state:to)	text(कोसोवो:गणराज्य)
text(الجبل:الأسود)	text(borders:with)	text(波斯尼亚和黑塞哥维那)
text(Montenegro)	text(borders)	text(Kroatië)
text(蒙特內哥羅)	text(is:butted:against)	text(塞爾維亞)
text(मॉन्टेनीग्रो)	text(was:butted:against)	text(Albania)
text(秘鲁)	text(is:located:in)	text(América:del:Sur)
text(بيرو)	text(was:adjacent:to)	text(الإكوادور)
text(Peru)	text(is:adjacent:to)	text(बोलिविया)
text(Perú)	text(neighbors)	text(चिली)
text(पेरू)	text(is:a:neighboring:country:of)	text(البرازيل)
text(Peru)	text(was:a:neighboring:country:of)	text(कोलम्बिया)
text(Montserrat)	text(was:located:in)	text(Caraïben)
text(Montserrat)	text(can:be:found:in)	text(महाअमेरिका)
text(Ukraine)	text(was:positioned:in)	text(Eastern:Europe)
text(युक्रेन)	text(neighbors:with)	text(سلوفاكيا)
text(Oekraïne)	text(was:a:neighbor:of)	text(Wit-Rusland)
text(أوكرانيا)	text(is:a:neighbor:of)	text(Poland)
text(烏克蘭)	text(is:a:neighboring:state:to)	text(Russia)
text(Ucrania)	text(was:a:neighboring:state:to)	text(匈牙利)
text(Ukraine)	text(borders:with)	text(摩爾多瓦)
text(युक्रेन)	text(borders)	text(Romania)
text(Dominica)	text(is:positioned:in)	text(कैरिबिया)
text(دومينيكا)	text(was:sited:in)	text(Amerika)
text(土庫曼斯坦)	text(is:butted:against)	text(哈萨克斯坦)
text(Turkmenistan)	text(was:butted:against)	text(अफ़्ग़ानिस्तान)
text(Turkmenistan)	text(was:adjacent:to)	text(Uzbekistan)
text(Turkmenistán)	text(is:adjacent:to)	text(伊朗)
text(根西)	text(is:sited:in)	text(Europa:del:Norte)
text(Guernsey)	text(was:localized:in)	text(यूरोप)
text(Gibraltar)	text(is:localized:in)	text(दक्षिणी:यूरोप)
text(جبل:طارق)	text(neighbors)	text(España)
text(स्विट्ज़रलैण्ड)	text(was:present:in)	text(Europa:Occidental)
text(瑞士)	text(is:a:neighboring:country:of)	text(Duitsland)
text(Zwitserland)	text(was:a:neighboring:country:of)	text(意大利)
text(سويسرا)	text(neighbors:with)	text(النمسا)
text(Suiza)	text(was:a:neighbor:of)	text(फ़्रान्स)
text(Switzerland)	text(is:a:neighbor:of)	text(列支敦斯登)
text(ऑस्ट्रिया)	text(is:present:in)	text(पश्चिमी:यूरोप)
text(Oostenrijk)	text(is:a:neighboring:state:to)	text(Alemania)
text(Austria)	text(was:a:neighboring:state:to)	text(Slowakije)
text(奧地利)	text(borders:with)	text(Slovenië)
text(Austria)	text(borders)	text(इटली)
text(النمسا)	text(is:butted:against)	text(स्विट्ज़रलैण्ड)
text(ऑस्ट्रिया)	text(was:butted:against)	text(हंगरी)
text(Oostenrijk)	text(was:adjacent:to)	text(Liechtenstein)
text(Austria)	text(is:adjacent:to)	text(चेक:गणराज्य)
text(Hongarije)	text(neighbors)	text(Oekraïne)
text(Hungría)	text(is:a:neighboring:country:of)	text(स्लोवाकिया)
text(المجر)	text(was:a:neighboring:country:of)	text(Slovenia)
text(Hungary)	text(neighbors:with)	text(Croatia)
text(匈牙利)	text(was:a:neighbor:of)	text(奧地利)
text(हंगरी)	text(is:a:neighbor:of)	text(Servië)
text(Hongarije)	text(is:a:neighboring:state:to)	text(रोमानिया)
text(Malawi)	text(is:still:in)	text(Oost-Afrika)
text(مالاوي)	text(was:a:neighboring:state:to)	text(ज़ाम्बिया)
text(मलावी)	text(borders:with)	text(Tanzania)
text(Malawi)	text(borders)	text(Mozambique)
text(Hongkong)	text(is:butted:against)	text(الصين)
text(Liechtenstein)	text(was:still:in)	text(Western:Europe)
text(Liechtenstein)	text(was:currently:in)	text(أوروبا)
text(ليختنشتاين)	text(was:butted:against)	text(瑞士)
text(लिक्टेन्स्टाइन)	text(was:adjacent:to)	text(Austria)
text(巴巴多斯)	text(is:currently:in)	text(Caribe)
text(Barbados)	text(is:placed:in)	text(América)
text(Georgia)	text(was:placed:in)	text(West:Asia)
text(جورجيا)	text(is:adjacent:to)	text(आर्मीनिया)
text(जॉर्जिया)	text(neighbors)	text(Azerbeidzjan)
text(Georgia)	text(is:a:neighboring:country:of)	text(Rusland)
text(格鲁吉亚)	text(was:a:neighboring:country:of)	text(Turkey)
text(अल्बानिया)	text(can:be:found:in)	text(南欧)
text(ألبانيا)	text(was:situated:in)	text(Europe)
text(Albanië)	text(neighbors:with)	text(Montenegro)
text(阿爾巴尼亞)	text(was:a:neighbor:of)	text(Noord-Macedonië)
text(Albania)	text(is:a:neighbor:of)	text(Kosovo)
text(Albania)	text(is:a:neighboring:state:to)	text(اليونان)
text(科威特)	text(is:situated:in)	text(غرب:آسيا)
text(الكويت)	text(was:a:neighboring:state:to)	text(Saoedi-Arabië)
text(Koeweit)	text(borders:with)	text(Irak)
text(Sudáfrica)	text(is:located:in)	text(إفريقيا:الجنوبية)
text(Zuid-Afrika)	text(borders)	text(Mozambique)
text(جنوب:إفريقيا)	text(is:butted:against)	text(Botsuana)
text(दक्षिण:अफ़्रीका)	text(was:butted:against)	text(Esuatini)
text(南非)	text(was:adjacent:to)	text(Zimbabwe)
text(South:Africa)	text(is:adjacent:to)	text(Namibia)
text(Sudáfrica)	text(neighbors)	text(Lesotho)
text(海地)	text(was:located:in)	text(Caribbean)
text(Haiti)	text(can:be:found:in)	text(أمريكتان)
text(هايتي)	text(is:a:neighboring:country:of)	text(Dominicaanse:Republiek)
text(أفغانستان)	text(was:positioned:in)	text(Asia:del:Sur)
text(Afghanistan)	text(was:a:neighboring:country:of)	text(تركمانستان)
text(阿富汗)	text(neighbors:with)	text(People's:Republic:of:China)
text(Afganistán)	text(was:a:neighbor:of)	text(Tadzjikistan)
text(Afghanistan)	text(is:a:neighbor:of)	text(أوزبكستان)
text(अफ़्ग़ानिस्तान)	text(is:a:neighboring:state:to)	text(إيران)
text(أفغانستان)	text(was:a:neighboring:state:to)	text(Pakistán)
text(Singapur)	text(is:positioned:in)	text(Sudeste:Asiático)
text(Singapore)	text(was:sited:in)	text(Asia)
text(Benin)	text(is:sited:in)	text(West:Africa)
text(बेनिन)	text(borders:with)	text(Níger)
text(貝南)	text(borders)	text(بوركينا:فاسو)
text(Benin)	text(is:butted:against)	text(Togo)
text(بنين)	text(was:butted:against)	text(奈及利亞)
text(Åland)	text(was:localized:in)	text(Noord-Europa)
text(جزر:أولاند)	text(is:localized:in)	text(Europa)
text(Croacia)	text(was:present:in)	text(Southern:Europe)
text(克羅地亞)	text(was:adjacent:to)	text(سلوفينيا)
text(क्रोएशिया)	text(is:adjacent:to)	text(Bosnië:en:Herzegovina)
text(كرواتيا)	text(neighbors)	text(Hungría)
text(Kroatië)	text(is:a:neighboring:country:of)	text(Serbia)
text(Croatia)	text(was:a:neighboring:country:of)	text(Montenegro)
text(Zweden)	text(is:present:in)	text(उत्तरी:यूरोप)
text(Sweden)	text(neighbors:with)	text(नॉर्वे)
text(السويد)	text(was:a:neighbor:of)	text(فنلندا)
text(मेक्सिको)	text(is:a:neighbor:of)	text(Belice)
text(墨西哥)	text(is:a:neighboring:state:to)	text(United:States)
text(المكسيك)	text(was:a:neighboring:state:to)	text(危地马拉)
text(Groenland)	text(is:still:in)	text(Noord-Amerika)
text(Groenlandia)	text(was:still:in)	text(Americas)
text(Pitcairn:Islands)	text(was:currently:in)	text(nan)
text(Pitcairneilanden)	text(is:currently:in)	text(ओशिआनिया)
text(Nepal)	text(is:placed:in)	text(Zuid-Azië)
text(Nepal)	text(was:placed:in)	text(Azië)
text(नेपाल)	text(borders:with)	text(Volksrepubliek:China)
text(نيبال)	text(borders)	text(India)
text(Guatemala)	text(is:butted:against)	text(Belize)
text(Guatemala)	text(was:butted:against)	text(El:Salvador)
text(ग्वाटेमाला)	text(was:adjacent:to)	text(Mexico)
text(غواتيمالا)	text(is:adjacent:to)	text(Honduras)
text(दक्षिण:कोरिया)	text(can:be:found:in)	text(पूर्वी:एशिया)
text(Zuid-Korea)	text(neighbors)	text(كوريا:الشمالية)
text(Moldavië)	text(was:situated:in)	text(पूर्वी:यूरोप)
text(Moldavia)	text(is:situated:in)	text(欧洲)
text(مولدوفا)	text(is:a:neighboring:country:of)	text(أوكرانيا)
text(मोल्डोवा)	text(was:a:neighboring:country:of)	text(Roemenië)
text(毛里求斯)	text(is:located:in)	text(पूर्वी:अफ्रीका)
text(मॉरिशस)	text(was:located:in)	text(非洲)
text(بيلاروس)	text(neighbors:with)	text(烏克蘭)
text(बेलारूस)	text(was:a:neighbor:of)	text(بولندا)
text(白俄羅斯)	text(is:a:neighbor:of)	text(Lithuania)
text(Belarus)	text(is:a:neighboring:state:to)	text(रूस)
text(Bielorrusia)	text(was:a:neighboring:state:to)	text(Latvia)
text(बांग्लादेश)	text(borders:with)	text(ميانمار)
text(Bangladesh)	text(borders)	text(الهند)
text(馬來西亞)	text(can:be:found:in)	text(جنوب:شرق:آسيا)
text(मलेशिया)	text(is:butted:against)	text(थाईलैंड)
text(Malaysia)	text(was:butted:against)	text(Indonesia)
text(Malasia)	text(was:adjacent:to)	text(Brunéi)
text(बोस्निया:और:हर्ज़ेगोविना)	text(was:positioned:in)	text(أوروبا:الجنوبية)
text(Bosnia:and:Herzegovina)	text(is:adjacent:to)	text(सर्बिया)
text(البوسنة:والهرسك)	text(neighbors)	text(Croacia)
text(Bosnia:y:Herzegovina)	text(is:a:neighboring:country:of)	text(الجبل:الأسود)
text(لوكسمبورغ)	text(is:positioned:in)	text(أوروبا:الغربية)
text(लक्ज़मबर्ग)	text(was:a:neighboring:country:of)	text(德國)
text(Luxembourg)	text(neighbors:with)	text(比利時)
text(Luxemburg)	text(was:a:neighbor:of)	text(France)
text(إيطاليا)	text(was:sited:in)	text(Zuid-Europa)
text(Italy)	text(is:sited:in)	text(Europa)
text(Italië)	text(is:a:neighbor:of)	text(斯洛文尼亞)
text(Italia)	text(is:a:neighboring:state:to)	text(Zwitserland)
text(意大利)	text(was:a:neighboring:state:to)	text(النمسا)
text(इटली)	text(borders:with)	text(Frankrijk)
text(إيطاليا)	text(borders)	text(梵蒂岡城國)
text(Italy)	text(is:butted:against)	text(San:Marino)
text(أذربيجان)	text(was:localized:in)	text(पश्चिमी:एशिया)
text(अज़रबैजान)	text(was:butted:against)	text(تركيا)
text(阿塞拜疆)	text(was:adjacent:to)	text(Armenia)
text(Azerbaiyán)	text(is:adjacent:to)	text(روسيا)
text(Azerbaijan)	text(neighbors)	text(Irán)
text(Azerbeidzjan)	text(is:a:neighboring:country:of)	text(Georgië)
text(هندوراس)	text(is:localized:in)	text(Central:America)
text(Honduras)	text(was:a:neighboring:country:of)	text(Guatemala)
text(Honduras)	text(neighbors:with)	text(Nicaragua)
text(洪都拉斯)	text(was:a:neighbor:of)	text(薩爾瓦多)
text(माली)	text(was:present:in)	text(África:Occidental)
text(Mali)	text(is:a:neighbor:of)	text(Burkina:Faso)
text(Mali)	text(is:a:neighboring:state:to)	text(Guinee)
text(马里)	text(was:a:neighboring:state:to)	text(Mauritanië)
text(Mali)	text(borders:with)	text(Niger)
text(مالي)	text(borders)	text(Senegal)
text(माली)	text(is:butted:against)	text(阿爾及利亞)
text(Mali)	text(was:butted:against)	text(कोत:दिव्वार)
text(تايوان)	text(is:present:in)	text(Asia:Oriental)
text(Taiwan)	text(is:still:in)	text(Asia)
text(Algerije)	text(was:still:in)	text(Noord-Afrika)
text(Algeria)	text(was:adjacent:to)	text(Libië)
text(Argelia)	text(is:adjacent:to)	text(تونس)
text(अल्जीरिया)	text(neighbors)	text(Mauritania)
text(الجزائر)	text(is:a:neighboring:country:of)	text(Marokko)
text(阿爾及利亞)	text(was:a:neighboring:country:of)	text(Niger)
text(Algerije)	text(neighbors:with)	text(Mali)
text(Algeria)	text(was:a:neighbor:of)	text(الجمهورية:العربية:الصحراوية:الديمقراطية)
text(Guayana:Francesa)	text(is:a:neighbor:of)	text(巴西)
text(غويانا:الفرنسية)	text(is:a:neighboring:state:to)	text(सूरीनाम)
text(Jemen)	text(was:currently:in)	text(西亚)
text(Yemen)	text(was:a:neighboring:state:to)	text(ओमान)
text(Yemen)	text(borders:with)	text(السعودية)
text(بورتوريكو)	text(is:currently:in)	text(الكاريبي)
text(Puerto:Rico)	text(is:placed:in)	text(美洲)
text(San:Vicente:y:las:Granadinas)	text(was:placed:in)	text(加勒比地区)
text(圣文森特和格林纳丁斯)	text(can:be:found:in)	text(महाअमेरिका)
text(Venezuela)	text(borders)	text(Brasil)
text(Venezuela)	text(is:butted:against)	text(Guyana)
text(فنزويلا)	text(was:butted:against)	text(哥伦比亚)
text(Grenada)	text(was:situated:in)	text(Caraïben)
text(غرينادا)	text(is:situated:in)	text(Amerika)
text(संयुक्त:राज्य:अमेरिका)	text(was:adjacent:to)	text(Canada)
text(Estados:Unidos)	text(is:adjacent:to)	text(Mexico)
text(托克劳)	text(is:located:in)	text(Polynesia)
text(Tokelau)	text(was:located:in)	text(أوقيانوسيا)
text(स्लोवेनिया)	text(can:be:found:in)	text(Europa:del:Sur)
text(Eslovenia)	text(neighbors)	text(ऑस्ट्रिया)
text(Slovenië)	text(is:a:neighboring:country:of)	text(克羅地亞)
text(Slovenia)	text(was:a:neighboring:country:of)	text(Italië)
text(سلوفينيا)	text(neighbors:with)	text(المجر)
text(Philippines)	text(was:positioned:in)	text(东南亚)
text(Filipijnen)	text(is:positioned:in)	text(亞洲)
text(ميكرونيسيا)	text(was:sited:in)	text(Micronesia)
text(Micronesia)	text(is:sited:in)	text(Oceanía)
text(中华人民共和国)	text(was:localized:in)	text(東亞)
text(चीनी:जनवादी:गणराज्य)	text(was:a:neighbor:of)	text(Afghanistan)
text(República:Popular:China)	text(is:a:neighbor:of)	text(Bhutan)
text(الصين)	text(is:a:neighboring:state:to)	text(Macao)
text(People's:Republic:of:China)	text(was:a:neighboring:state:to)	text(India)
text(Volksrepubliek:China)	text(borders:with)	text(كازاخستان)
text(中华人民共和国)	text(borders)	text(Kyrgyzstan)
text(चीनी:जनवादी:गणराज्य)	text(is:butted:against)	text(Tajikistan)
text(República:Popular:China)	text(was:butted:against)	text(Laos)
text(الصين)	text(was:adjacent:to)	text(俄罗斯)
text(People's:Republic:of:China)	text(is:adjacent:to)	text(Corea:del:Norte)
text(Volksrepubliek:China)	text(neighbors)	text(緬甸)
text(中华人民共和国)	text(is:a:neighboring:country:of)	text(巴基斯坦)
text(चीनी:जनवादी:गणराज्य)	text(was:a:neighboring:country:of)	text(मंगोलिया)
text(República:Popular:China)	text(neighbors:with)	text(香港)
text(الصين)	text(was:a:neighbor:of)	text(Vietnam)
text(Gabón)	text(is:localized:in)	text(Centraal-Afrika)
text(Gabon)	text(is:a:neighbor:of)	text(Guinea:Ecuatorial)
text(Gabon)	text(is:a:neighboring:state:to)	text(República:del:Congo)
text(加蓬)	text(was:a:neighboring:state:to)	text(Camerún)
text(Amerikaanse:Kleinere:Afgelegen:Eilanden)	text(was:present:in)	text(أمريكا:الشمالية)
text(美国本土外小岛屿)	text(is:present:in)	text(América)
text(Andorra)	text(is:still:in)	text(दक्षिणी:यूरोप)
text(Andorra)	text(borders:with)	text(إسبانيا)
text(安道尔)	text(borders)	text(فرنسا)
text(萨摩亚)	text(was:still:in)	text(Polynesië)
text(Samoa)	text(was:currently:in)	text(大洋洲)
text(Gambia)	text(is:currently:in)	text(غرب:إفريقيا)
text(岡比亞)	text(is:placed:in)	text(Africa)
text(The:Gambia)	text(is:butted:against)	text(सेनेगल)
text(nan)	text(was:placed:in)	text(Zuidwest-Azië)
text(Pedro:Miguel)	text(can:be:found:in)	text(آسيا)
text(nan)	text(was:butted:against)	text(जॉर्डन)
text(Pedro:Miguel)	text(was:adjacent:to)	text(埃及)
text(nan)	text(is:adjacent:to)	text(Israël)
text(留尼汪)	text(was:situated:in)	text(东部非洲)
text(Réunion)	text(is:situated:in)	text(Afrika)
text(Francia)	text(is:located:in)	text(West-Europa)
text(法國)	text(neighbors)	text(ألمانيا)
text(फ़्रान्स)	text(is:a:neighboring:country:of)	text(卢森堡)
text(France)	text(was:a:neighboring:country:of)	text(Italia)
text(Frankrijk)	text(neighbors:with)	text(Andorra)
text(فرنسا)	text(was:a:neighbor:of)	text(سويسرا)
text(Francia)	text(is:a:neighbor:of)	text(Mónaco)
text(法國)	text(is:a:neighboring:state:to)	text(बेल्जियम)
text(फ़्रान्स)	text(was:a:neighboring:state:to)	text(Spanje)
text(منغوليا)	text(was:located:in)	text(East:Asia)
text(Mongolia)	text(can:be:found:in)	text(एशिया)
text(蒙古國)	text(borders:with)	text(People's:Republic:of:China)
text(Mongolia)	text(borders)	text(Rusia)
text(Lituania)	text(was:positioned:in)	text(أوروبا:الشمالية)
text(Litouwen)	text(is:butted:against)	text(Polonia)
text(लिथुआनिया)	text(was:butted:against)	text(Letonia)
text(ليتوانيا)	text(was:adjacent:to)	text(Wit-Rusland)
text(立陶宛)	text(is:adjacent:to)	text(Russia)
text(Cayman:Islands)	text(is:positioned:in)	text(कैरिबिया)
text(केमन:द्वीपसमूह)	text(was:sited:in)	text(أمريكتان)
text(Saint:Lucia)	text(is:sited:in)	text(Caribe)
text(سانت:لوسيا)	text(was:localized:in)	text(Americas)
text(Curazao)	text(is:localized:in)	text(Caribbean)
text(Curaçao)	text(was:present:in)	text(美洲)
text(الكاريبي)	text(is:present:in)	text(महाअमेरिका)
text(South:Asia)	text(is:still:in)	text(Asia)
text(中部非洲)	text(was:still:in)	text(África)
text(北歐)	text(was:currently:in)	text(यूरोप)
text(南欧)	text(is:currently:in)	text(أوروبا)
text(Asia:Occidental)	text(is:placed:in)	text(Azië)
text(South:America)	text(was:placed:in)	text(Amerika)
text(Polinesia)	text(can:be:found:in)	text(Oceanië)
text(nan)	text(was:situated:in)	text(Oceania)
text(西欧)	text(is:situated:in)	text(Europe)
text(East:Africa)	text(is:located:in)	text(अफ्रीका)
text(West-Afrika)	text(was:located:in)	text(إفريقيا)
text(Europa:Oriental)	text(can:be:found:in)	text(Europa)
text(केंद्रीय:अमेरिका)	text(was:positioned:in)	text(América)
text(América:del:Norte)	text(is:positioned:in)	text(أمريكتان)
text(दक्षिण:पूर्व:एशिया)	text(was:sited:in)	text(Asia)
text(Southern:Africa)	text(is:sited:in)	text(非洲)
text(شرق:آسيا)	text(was:localized:in)	text(亞洲)
text(Norte:de:África)	text(is:localized:in)	text(Africa)
text(मॅलानिशिया)	text(was:present:in)	text(ओशिआनिया)
text(Micronesië)	text(is:present:in)	text(أوقيانوسيا)
text(Central:Asia)	text(is:still:in)	text(آسيا)
text(中欧)	text(was:still:in)	text(欧洲)