text(पलाउ)	locatedIn	text(Micronesië)
text(Palaos)	locatedIn	text(Oceania)
text(Maldives)	locatedIn	text(Asia:del:Sur)
text(Malediven)	locatedIn	text(Asia)
text(Brunei)	locatedIn	text(Sudeste:Asiático)
text(汶莱)	locatedIn	text(亞洲)
text(ब्रुनेई)	neighborOf	text(Malasia)
text(जापान)	locatedIn	text(Oost-Azië)
text(اليابان)	locatedIn	text(آسيا)
text(荷蘭)	locatedIn	text(西欧)
text(Netherlands)	neighborOf	text(Germany)
text(هولندا)	neighborOf	text(Belgium)
text(Turquía)	locatedIn	text(पश्चिमी:एशिया)
text(Turkey)	neighborOf	text(亞美尼亞)
text(तुर्की)	neighborOf	text(أذربيجان)
text(Turkije)	neighborOf	text(ईरान)
text(土耳其)	neighborOf	text(希腊)
text(تركيا)	neighborOf	text(格鲁吉亚)
text(Turquía)	neighborOf	text(Bulgarije)
text(Turkey)	neighborOf	text(Iraq)
text(तुर्की)	neighborOf	text(Syrië)
text(أنغولا)	locatedIn	text(Central:Africa)
text(Angola)	locatedIn	text(अफ्रीका)
text(अंगोला)	neighborOf	text(कांगो:लोकतान्त्रिक:गणराज्य)
text(Angola)	neighborOf	text(纳米比亚)
text(Angola)	neighborOf	text(贊比亞)
text(安哥拉)	neighborOf	text(剛果共和國)
text(Armenia)	locatedIn	text(Zuidwest-Azië)
text(أرمينيا)	locatedIn	text(एशिया)
text(Armenië)	neighborOf	text(Georgia)
text(Armenia)	neighborOf	text(Azerbeidzjan)
text(आर्मीनिया)	neighborOf	text(Irán)
text(亞美尼亞)	neighborOf	text(Turkije)
text(अण्टीगुआ:और:बारबूडा)	locatedIn	text(Caribe)
text(Antigua:y:Barbuda)	locatedIn	text(美洲)
text(Esuatini)	locatedIn	text(إفريقيا:الجنوبية)
text(Swaziland)	locatedIn	text(非洲)
text(एस्वातीनी)	neighborOf	text(Zuid-Afrika)
text(Eswatini)	neighborOf	text(Mozambique)
text(Wallis:and:Futuna)	locatedIn	text(पोलीनेशिया)
text(वालिस:और:फ़्यूचूना)	locatedIn	text(Oceanië)
text(उरुग्वे)	locatedIn	text(América:del:Sur)
text(Uruguay)	locatedIn	text(महाअमेरिका)
text(Uruguay)	neighborOf	text(阿根廷)
text(Uruguay)	neighborOf	text(ब्राज़ील)
text(Zambia)	locatedIn	text(东部非洲)
text(Zambia)	locatedIn	text(إفريقيا)
text(زامبيا)	neighborOf	text(تنزانيا)
text(ज़ाम्बिया)	neighborOf	text(موزمبيق)
text(Zambia)	neighborOf	text(República:Democrática:del:Congo)
text(贊比亞)	neighborOf	text(أنغولا)
text(Zambia)	neighborOf	text(بوتسوانا)
text(Zambia)	neighborOf	text(زيمبابوي)
text(زامبيا)	neighborOf	text(Namibia)
text(ज़ाम्बिया)	neighborOf	text(馬拉威)
text(塞浦路斯)	locatedIn	text(पूर्वी:यूरोप)
text(Chipre)	locatedIn	text(أوروبا)
text(Cyprus)	neighborOf	text(英国)
text(Reino:Unido)	locatedIn	text(Northern:Europe)
text(英国)	locatedIn	text(欧洲)
text(Verenigd:Koninkrijk)	neighborOf	text(Verenigd:Koninkrijk)
text(蒲隆地)	locatedIn	text(África:Oriental)
text(Burundi)	locatedIn	text(Africa)
text(बुरुण्डी)	neighborOf	text(Congo-Kinshasa)
text(Burundi)	neighborOf	text(卢旺达)
text(Burundi)	neighborOf	text(Tanzania)
text(República:Centroafricana)	locatedIn	text(मध्य:अफ्रीका)
text(मध्य:अफ़्रीकी:गणराज्य)	locatedIn	text(África)
text(中非共和國)	neighborOf	text(Tsjaad)
text(جمهورية:إفريقيا:الوسطى)	neighborOf	text(Congo-Brazzaville)
text(Central:African:Republic)	neighborOf	text(Democratic:Republic:of:the:Congo)
text(Centraal-Afrikaanse:Republiek)	neighborOf	text(दक्षिण:सूडान)
text(República:Centroafricana)	neighborOf	text(Kameroen)
text(मध्य:अफ़्रीकी:गणराज्य)	neighborOf	text(सूडान)
text(Tonga)	locatedIn	text(玻里尼西亞)
text(टोंगा)	locatedIn	text(大洋洲)
text(कोत:दिव्वार)	locatedIn	text(غرب:إفريقيا)
text(科特迪瓦)	locatedIn	text(Afrika)
text(Ivoorkust)	neighborOf	text(布吉納法索)
text(Costa:de:Marfil)	neighborOf	text(Ghana)
text(Ivory:Coast)	neighborOf	text(Liberia)
text(ساحل:العاج)	neighborOf	text(Mali)
text(कोत:दिव्वार)	neighborOf	text(गिनी)
text(سيراليون)	locatedIn	text(पश्चिमी:अफ्रीका)
text(Sierra:Leone)	neighborOf	text(Liberia)
text(Sierra:Leone)	neighborOf	text(Guinee)
text(مايوت)	locatedIn	text(पूर्वी:अफ्रीका)
text(Mayotte)	locatedIn	text(अफ्रीका)
text(波蘭)	locatedIn	text(Oost-Europa)
text(Poland)	neighborOf	text(ألمانيا)
text(पोलैंड)	neighborOf	text(Ucrania)
text(بولندا)	neighborOf	text(स्लोवाकिया)
text(Polonia)	neighborOf	text(Belarus)
text(Polen)	neighborOf	text(Russia)
text(波蘭)	neighborOf	text(立陶宛)
text(Poland)	neighborOf	text(चेक:गणराज्य)
text(कज़ाख़िस्तान)	locatedIn	text(Centraal-Azië)
text(Kazachstan)	locatedIn	text(Azië)
text(Kazajistán)	neighborOf	text(तुर्कमेनिस्तान)
text(哈萨克斯坦)	neighborOf	text(República:Popular:China)
text(Kazakhstan)	neighborOf	text(Kyrgyzstan)
text(كازاخستان)	neighborOf	text(उज़्बेकिस्तान)
text(कज़ाख़िस्तान)	neighborOf	text(रूस)
text(Uzbekistan)	locatedIn	text(中亚)
text(أوزبكستان)	locatedIn	text(Asia)
text(乌兹别克斯坦)	neighborOf	text(أفغانستان)
text(Uzbekistán)	neighborOf	text(Turkmenistán)
text(Oezbekistan)	neighborOf	text(Kazachstan)
text(उज़्बेकिस्तान)	neighborOf	text(किर्गिज़स्तान)
text(Uzbekistan)	neighborOf	text(塔吉克斯坦)
text(तुर्क:और:केकोस:द्वीपसमूह)	locatedIn	text(الكاريبي)
text(Turks-:en:Caicoseilanden)	locatedIn	text(Amerika)
text(Nueva:Caledonia)	locatedIn	text(Melanesia)
text(كاليدونيا:الجديدة)	locatedIn	text(أوقيانوسيا)
text(पाकिस्तान)	locatedIn	text(Zuid-Azië)
text(Pakistan)	neighborOf	text(चीनी:जनवादी:गणराज्य)
text(باكستان)	neighborOf	text(阿富汗)
text(巴基斯坦)	neighborOf	text(伊朗)
text(Pakistan)	neighborOf	text(भारत)
text(अर्जेण्टीना)	locatedIn	text(दक्षिण:अमेरिका)
text(Argentinië)	locatedIn	text(América)
text(الأرجنتين)	neighborOf	text(Bolivia)
text(Argentina)	neighborOf	text(Chile)
text(Argentina)	neighborOf	text(البرازيل)
text(阿根廷)	neighborOf	text(巴拉圭)
text(अर्जेण्टीना)	neighborOf	text(烏拉圭)
text(Cuba)	locatedIn	text(加勒比地区)
text(Cuba)	locatedIn	text(Americas)
text(Servië)	locatedIn	text(Europa:del:Sur)
text(सर्बिया)	neighborOf	text(Macedonia:del:Norte)
text(Serbia)	neighborOf	text(मॉन्टेनीग्रो)
text(صربيا)	neighborOf	text(Kosovo)
text(Serbia)	neighborOf	text(Bosnië:en:Herzegovina)
text(塞爾維亞)	neighborOf	text(क्रोएशिया)
text(Servië)	neighborOf	text(المجر)
text(सर्बिया)	neighborOf	text(बुल्गारिया)
text(Serbia)	neighborOf	text(Romania)
text(捷克)	locatedIn	text(Eastern:Europe)
text(Czech:Republic)	locatedIn	text(Europa)
text(Tsjechië)	neighborOf	text(德國)
text(جمهورية:التشيك)	neighborOf	text(ऑस्ट्रिया)
text(República:Checa)	neighborOf	text(पोलैंड)
text(चेक:गणराज्य)	neighborOf	text(سلوفاكيا)
text(निकारागुआ)	locatedIn	text(中美洲)
text(Nicaragua)	neighborOf	text(Honduras)
text(尼加拉瓜)	neighborOf	text(Costa:Rica)
text(فيتنام)	locatedIn	text(दक्षिण:पूर्व:एशिया)
text(वियतनाम)	locatedIn	text(Asia)
text(Vietnam)	neighborOf	text(Cambodja)
text(Vietnam)	neighborOf	text(Laos)
text(Vietnam)	neighborOf	text(Volksrepubliek:China)
text(紐埃)	locatedIn	text(Polynesië)
text(Niue)	locatedIn	text(Oceanía)
text(Canada)	locatedIn	text(North:America)
text(Canada)	locatedIn	text(أمريكتان)
text(कनाडा)	neighborOf	text(संयुक्त:राज्य:अमेरिका)
text(Slowakije)	locatedIn	text(मध्य:यूरोप)
text(Slovakia)	neighborOf	text(烏克蘭)
text(Eslovaquia)	neighborOf	text(بولندا)
text(斯洛伐克)	neighborOf	text(奧地利)
text(स्लोवाकिया)	neighborOf	text(Hungary)
text(سلوفاكيا)	neighborOf	text(捷克)
text(Mozambique)	locatedIn	text(East:Africa)
text(Mozambique)	neighborOf	text(Tanzania)
text(मोज़ाम्बीक)	neighborOf	text(斯威士兰)
text(莫桑比克)	neighborOf	text(津巴布韦)
text(Mozambique)	neighborOf	text(Zambia)
text(موزمبيق)	neighborOf	text(مالاوي)
text(Mozambique)	neighborOf	text(South:Africa)
text(Aruba)	locatedIn	text(कैरिबिया)
text(阿魯巴)	locatedIn	text(美洲)
text(Bolivia)	locatedIn	text(Zuid-Amerika)
text(Bolivia)	locatedIn	text(महाअमेरिका)
text(बोलिविया)	neighborOf	text(Chili)
text(بوليفيا)	neighborOf	text(Brasil)
text(玻利維亞)	neighborOf	text(पैराग्वे)
text(Bolivia)	neighborOf	text(Argentinië)
text(Bolivia)	neighborOf	text(Perú)
text(Colombia)	locatedIn	text(South:America)
text(哥伦比亚)	locatedIn	text(Amerika)
text(Colombia)	neighborOf	text(الإكوادور)
text(कोलम्बिया)	neighborOf	text(Brazil)
text(كولومبيا)	neighborOf	text(Panama)
text(Colombia)	neighborOf	text(Venezuela)
text(Colombia)	neighborOf	text(بيرو)
text(فيجي)	locatedIn	text(Melanesia)
text(Fiyi)	locatedIn	text(ओशिआनिया)
text(Republic:of:the:Congo)	locatedIn	text(中部非洲)
text(कांगो:गणराज्य)	neighborOf	text(Gabon)
text(República:del:Congo)	neighborOf	text(刚果民主共和国)
text(جمهورية:الكونغو)	neighborOf	text(Angola)
text(剛果共和國)	neighborOf	text(Cameroon)
text(Congo-Brazzaville)	neighborOf	text(中非共和國)
text(सउदी:अरब)	locatedIn	text(Asia:Occidental)
text(Saudi:Arabia)	neighborOf	text(卡塔尔)
text(Saoedi-Arabië)	neighborOf	text(संयुक्त:अरब:अमीरात)
text(Arabia:Saudí)	neighborOf	text(जॉर्डन)
text(沙特阿拉伯)	neighborOf	text(اليمن)
text(السعودية)	neighborOf	text(ओमान)
text(सउदी:अरब)	neighborOf	text(科威特)
text(Saudi:Arabia)	neighborOf	text(Irak)
text(El:Salvador)	locatedIn	text(केंद्रीय:अमेरिका)
text(अल:साल्वाडोर)	locatedIn	text(América)
text(السلفادور)	neighborOf	text(Guatemala)
text(薩爾瓦多)	neighborOf	text(हॉण्डुरस)
text(مدغشقر)	locatedIn	text(شرق:إفريقيا)
text(馬達加斯加)	locatedIn	text(非洲)
text(أستراليا)	locatedIn	text(nan)
text(ऑस्ट्रेलिया)	locatedIn	text(Oceania)
text(Namibia)	locatedIn	text(Zuidelijk:Afrika)
text(ناميبيا)	locatedIn	text(إفريقيا)
text(नामीबिया)	neighborOf	text(贊比亞)
text(Namibië)	neighborOf	text(अंगोला)
text(纳米比亚)	neighborOf	text(Sudáfrica)
text(Namibia)	neighborOf	text(Botswana)
text(توفالو)	locatedIn	text(Polinesia)
text(Tuvalu)	locatedIn	text(Oceanië)
text(nan)	locatedIn	text(उत्तरी:यूरोप)
text(Svalbard:y:Jan:Mayen)	locatedIn	text(यूरोप)
text(Isle:of:Man)	locatedIn	text(Noord-Europa)
text(Isla:de:Man)	locatedIn	text(Europe)
text(गयाना)	locatedIn	text(أمريكا:الجنوبية)
text(圭亚那)	neighborOf	text(巴西)
text(Guyana)	neighborOf	text(सूरीनाम)
text(غيانا)	neighborOf	text(فنزويلا)
text(Vaticaanstad)	locatedIn	text(南欧)
text(Ciudad:del:Vaticano)	locatedIn	text(Europa)
text(الفاتيكان)	neighborOf	text(Italy)
text(英屬印度洋領地)	locatedIn	text(Oost-Afrika)
text(Brits:Indische:Oceaanterritorium)	locatedIn	text(Africa)
text(نيجيريا)	locatedIn	text(West:Africa)
text(Nigeria)	locatedIn	text(África)
text(Nigeria)	neighborOf	text(Chad)
text(Nigeria)	neighborOf	text(Niger)
text(नाइजीरिया)	neighborOf	text(Camerún)
text(奈及利亞)	neighborOf	text(Benin)
text(जर्मनी)	locatedIn	text(पश्चिमी:यूरोप)
text(Duitsland)	neighborOf	text(डेनमार्क)
text(Alemania)	neighborOf	text(Nederland)
text(Germany)	neighborOf	text(Polonia)
text(ألمانيا)	neighborOf	text(लक्ज़मबर्ग)
text(德國)	neighborOf	text(比利時)
text(जर्मनी)	neighborOf	text(Suiza)
text(Duitsland)	neighborOf	text(Austria)
text(Alemania)	neighborOf	text(France)
text(Germany)	neighborOf	text(Czech:Republic)
text(Burkina:Faso)	locatedIn	text(西非)
text(Burkina:Faso)	neighborOf	text(टोगो)
text(بوركينا:فاسو)	neighborOf	text(Benín)
text(Burkina:Faso)	neighborOf	text(Niger)
text(बुर्किना:फासो)	neighborOf	text(घाना)
text(布吉納法索)	neighborOf	text(Mali)
text(Burkina:Faso)	neighborOf	text(科特迪瓦)
text(तंज़ानिया)	locatedIn	text(东部非洲)
text(坦桑尼亞)	neighborOf	text(Uganda)
text(Tanzania)	neighborOf	text(Mozambique)
text(تنزانيا)	neighborOf	text(جمهورية:الكونغو:الديمقراطية)
text(Tanzania)	neighborOf	text(Kenia)
text(Tanzania)	neighborOf	text(Rwanda)
text(तंज़ानिया)	neighborOf	text(Zambia)
text(坦桑尼亞)	neighborOf	text(Malawi)
text(Tanzania)	neighborOf	text(بوروندي)
text(Islas:Marianas:del:Norte)	locatedIn	text(密克羅尼西亞群島)
text(جزر:ماريانا:الشمالية)	locatedIn	text(大洋洲)
text(Belize)	locatedIn	text(Central:America)
text(बेलीज़)	locatedIn	text(Americas)
text(Belice)	neighborOf	text(危地马拉)
text(بليز)	neighborOf	text(المكسيك)
text(Noruega)	locatedIn	text(Europa:del:Norte)
text(नॉर्वे)	neighborOf	text(Zweden)
text(النرويج)	neighborOf	text(芬蘭)
text(Noorwegen)	neighborOf	text(俄罗斯)
text(Cocoseilanden)	locatedIn	text(nan)
text(Cocos:(Keeling):Islands)	locatedIn	text(أوقيانوسيا)
text(Laos)	locatedIn	text(Zuidoost-Azië)
text(लाओस)	locatedIn	text(亞洲)
text(Laos)	neighborOf	text(People's:Republic:of:China)
text(لاوس)	neighborOf	text(كمبوديا)
text(老撾)	neighborOf	text(Myanmar)
text(Laos)	neighborOf	text(越南)
text(Laos)	neighborOf	text(تايلاند)
text(सहरावी:अरब:जनतांत्रिक:गणराज्य)	locatedIn	text(North:Africa)
text(撒拉威阿拉伯民主共和國)	locatedIn	text(Afrika)
text(Sahrawi:Arabische:Democratische:Republiek)	neighborOf	text(Algeria)
text(الجمهورية:العربية:الصحراوية:الديمقراطية)	neighborOf	text(Mauritania)
text(Sahrawi:Arab:Democratic:Republic)	neighborOf	text(Marokko)
text(Suriname)	locatedIn	text(南美洲)
text(Surinam)	locatedIn	text(أمريكتان)
text(蘇利南)	neighborOf	text(Brazilië)
text(سورينام)	neighborOf	text(Frans-Guyana)
text(Suriname)	neighborOf	text(Guyana)
text(聖誕島)	locatedIn	text(Australië:en:Nieuw-Zeeland)
text(Christmaseiland)	locatedIn	text(Oceanía)
text(साओ:तोमे:और:प्रिन्सिपी)	locatedIn	text(Centraal-Afrika)
text(Santo:Tomé:y:Príncipe)	locatedIn	text(अफ्रीका)
text(مصر)	locatedIn	text(उत्तर:अफ़्रीका)
text(Egypt)	neighborOf	text(利比亞)
text(मिस्र)	neighborOf	text(以色列)
text(Egipto)	neighborOf	text(苏丹)
text(بلغاريا)	locatedIn	text(东欧)
text(保加利亚)	neighborOf	text(北马其顿)
text(Bulgaria)	neighborOf	text(土耳其)
text(Bulgaria)	neighborOf	text(اليونان)
text(Bulgarije)	neighborOf	text(صربيا)
text(बुल्गारिया)	neighborOf	text(羅馬尼亞)
text(几内亚)	locatedIn	text(África:Occidental)
text(Guinea)	locatedIn	text(非洲)
text(غينيا)	neighborOf	text(غينيا:بيساو)
text(Guinea)	neighborOf	text(Sierra:Leona)
text(गिनी)	neighborOf	text(مالي)
text(Guinee)	neighborOf	text(लाइबेरिया)
text(几内亚)	neighborOf	text(Senegal)
text(Guinea)	neighborOf	text(Ivoorkust)
text(स्पेन)	locatedIn	text(أوروبا:الجنوبية)
text(西班牙)	neighborOf	text(Marruecos)
text(Spain)	neighborOf	text(जिब्राल्टर)
text(Spanje)	neighborOf	text(Andorra)
text(إسبانيا)	neighborOf	text(Francia)
text(España)	neighborOf	text(البرتغال)
text(كوستاريكا)	locatedIn	text(أمريكا:الوسطى)
text(Costa:Rica)	locatedIn	text(美洲)
text(哥斯达黎加)	neighborOf	text(بنما)
text(Costa:Rica)	neighborOf	text(نيكاراغوا)
text(माल्टा)	locatedIn	text(दक्षिणी:यूरोप)
text(Malta)	locatedIn	text(أوروبا)
text(Portugal)	locatedIn	text(Southern:Europe)
text(Portugal)	locatedIn	text(欧洲)
text(Portugal)	neighborOf	text(स्पेन)
text(Roemenië)	locatedIn	text(أوروبا:الشرقية)
text(رومانيا)	locatedIn	text(Europa)
text(रोमानिया)	neighborOf	text(युक्रेन)
text(Rumania)	neighborOf	text(匈牙利)
text(Romania)	neighborOf	text(मोल्डोवा)
text(羅馬尼亞)	neighborOf	text(بلغاريا)
text(Roemenië)	neighborOf	text(Serbia)
text(سان:مارينو)	locatedIn	text(Zuid-Europa)
text(圣马力诺)	locatedIn	text(यूरोप)
text(San:Marino)	neighborOf	text(إيطاليا)
text(موريتانيا)	locatedIn	text(West-Afrika)
text(मॉरीतानिया)	locatedIn	text(إفريقيا)
text(Mauritanië)	neighborOf	text(阿爾及利亞)
text(毛里塔尼亞)	neighborOf	text(Mali)
text(Mauritania)	neighborOf	text(República:Árabe:Saharaui:Democrática)
text(Mauritania)	neighborOf	text(Senegal)
text(Trinidad:y:Tobago)	locatedIn	text(Caribbean)
text(Trinidad:en:Tobago)	locatedIn	text(महाअमेरिका)
text(Baréin)	locatedIn	text(西亚)
text(Bahrain)	locatedIn	text(آسيا)
text(म्यान्मार)	locatedIn	text(东南亚)
text(Myanmar)	neighborOf	text(印度)
text(ميانمار)	neighborOf	text(Bangladesh)
text(緬甸)	neighborOf	text(中华人民共和国)
text(Birmania)	neighborOf	text(लाओस)
text(Myanmar)	neighborOf	text(Thailand)
text(العراق)	locatedIn	text(West:Asia)
text(इराक)	neighborOf	text(تركيا)
text(Irak)	neighborOf	text(Saoedi-Arabië)
text(伊拉克)	neighborOf	text(Iran)
text(Iraq)	neighborOf	text(Jordan)
text(Irak)	neighborOf	text(Kuwait)
text(العراق)	neighborOf	text(Syria)
text(南乔治亚和南桑威奇群岛)	locatedIn	text(América:del:Sur)
text(Zuid-Georgia:en:de:Zuidelijke:Sandwicheilanden)	locatedIn	text(Amerika)
text(آيسلندا)	locatedIn	text(北歐)
text(Islandia)	locatedIn	text(Europe)
text(कांगो:लोकतान्त्रिक:गणराज्य)	locatedIn	text(África:Central)
text(República:Democrática:del:Congo)	locatedIn	text(Africa)
text(Congo-Kinshasa)	neighborOf	text(Uganda)
text(Democratic:Republic:of:the:Congo)	neighborOf	text(تنزانيا)
text(刚果民主共和国)	neighborOf	text(Republic:of:the:Congo)
text(جمهورية:الكونغو:الديمقراطية)	neighborOf	text(جمهورية:إفريقيا:الوسطى)
text(कांगो:लोकतान्त्रिक:गणराज्य)	neighborOf	text(Angola)
text(República:Democrática:del:Congo)	neighborOf	text(रवाण्डा)
text(Congo-Kinshasa)	neighborOf	text(Sudán:del:Sur)
text(Democratic:Republic:of:the:Congo)	neighborOf	text(Zambia)
text(刚果民主共和国)	neighborOf	text(蒲隆地)
text(Seychellen)	locatedIn	text(África:Oriental)
text(Seychelles)	locatedIn	text(África)
text(Kirgizië)	locatedIn	text(मध्य:एशिया)
text(Kirguistán)	neighborOf	text(الصين)
text(吉尔吉斯斯坦)	neighborOf	text(Kazajistán)
text(قرغيزستان)	neighborOf	text(Tajikistan)
text(Kyrgyzstan)	neighborOf	text(أوزبكستان)
text(波札那)	locatedIn	text(Southern:Africa)
text(Botsuana)	locatedIn	text(Afrika)
text(Botswana)	neighborOf	text(ज़िम्बाब्वे)
text(बोत्सवाना)	neighborOf	text(Namibia)
text(بوتسوانا)	neighborOf	text(زامبيا)
text(Botswana)	neighborOf	text(جنوب:إفريقيا)
text(جزر:فارو)	locatedIn	text(أوروبا:الشمالية)
text(Faeröer)	locatedIn	text(Europa)
text(Jamaica)	locatedIn	text(Caraïben)
text(Jamaica)	locatedIn	text(América)
text(ساموا:الأمريكية)	locatedIn	text(Polynesia)
text(Amerikaans-Samoa)	locatedIn	text(ओशिआनिया)
text(लेसोथो)	locatedIn	text(दक्षिणी:अफ्रीका)
text(Lesotho)	locatedIn	text(अफ्रीका)
text(ليسوتو)	neighborOf	text(南非)
text(سريلانكا)	locatedIn	text(جنوب:آسيا)
text(श्रीलंका)	neighborOf	text(India)
text(बेल्जियम)	locatedIn	text(West-Europa)
text(Bélgica)	locatedIn	text(أوروبا)
text(بلجيكا)	neighborOf	text(ألمانيا)
text(België)	neighborOf	text(卢森堡)
text(Belgium)	neighborOf	text(فرنسا)
text(比利時)	neighborOf	text(नीदरलैण्ड)
text(Qatar)	locatedIn	text(غرب:آسيا)
text(Catar)	locatedIn	text(एशिया)
text(क़तर)	neighborOf	text(Arabia:Saudí)
text(جزر:سليمان)	locatedIn	text(ميلانيزيا)
text(Solomon:Islands)	locatedIn	text(Oceania)
text(敘利亞)	locatedIn	text(पश्चिमी:एशिया)
text(سوريا)	locatedIn	text(Azië)
text(सीरिया)	neighborOf	text(Israel)
text(Siria)	neighborOf	text(Turquía)
text(Syrië)	neighborOf	text(Jordania)
text(Syria)	neighborOf	text(黎巴嫩)
text(敘利亞)	neighborOf	text(इराक)
text(India)	locatedIn	text(दक्षिण:एशिया)
text(الهند)	locatedIn	text(Asia)
text(India)	neighborOf	text(अफ़्ग़ानिस्तान)
text(भारत)	neighborOf	text(Bhutan)
text(印度)	neighborOf	text(बांग्लादेश)
text(India)	neighborOf	text(República:Popular:China)
text(India)	neighborOf	text(尼泊爾)
text(الهند)	neighborOf	text(म्यान्मार)
text(India)	neighborOf	text(Pakistán)
text(भारत)	neighborOf	text(Sri:Lanka)
text(Morocco)	locatedIn	text(Norte:de:África)
text(المغرب)	neighborOf	text(Argelia)
text(मोरक्को)	neighborOf	text(西班牙)
text(摩洛哥)	neighborOf	text(सहरावी:अरब:जनतांत्रिक:गणराज्य)
text(Kenia)	locatedIn	text(पूर्वी:अफ्रीका)
text(Kenya)	locatedIn	text(非洲)
text(कीनिया)	neighborOf	text(أوغندا)
text(肯尼亚)	neighborOf	text(Tanzania)
text(كينيا)	neighborOf	text(الصومال)
text(Kenia)	neighborOf	text(南蘇丹)
text(Kenia)	neighborOf	text(埃塞俄比亚)
text(Zuid-Soedan)	locatedIn	text(وسط:إفريقيا)
text(جنوب:السودان)	locatedIn	text(إفريقيا)
text(South:Sudan)	neighborOf	text(Oeganda)
text(दक्षिण:सूडान)	neighborOf	text(جمهورية:الكونغو:الديمقراطية)
text(Sudán:del:Sur)	neighborOf	text(Kenya)
text(南蘇丹)	neighborOf	text(Central:African:Republic)
text(Zuid-Soedan)	neighborOf	text(Soedan)
text(جنوب:السودان)	neighborOf	text(इथियोपिया)
text(Ghana)	locatedIn	text(غرب:إفريقيا)
text(Ghana)	neighborOf	text(Burkina:Faso)
text(迦納)	neighborOf	text(Costa:de:Marfil)
text(غانا)	neighborOf	text(توغو)
text(Tadzjikistan)	locatedIn	text(Asia:Central)
text(طاجيكستان)	locatedIn	text(Asia)
text(ताजीकिस्तान)	neighborOf	text(चीनी:जनवादी:गणराज्य)
text(Tayikistán)	neighborOf	text(किर्गिज़स्तान)
text(塔吉克斯坦)	neighborOf	text(Afghanistan)
text(Tajikistan)	neighborOf	text(乌兹别克斯坦)
text(جزر:مارشال)	locatedIn	text(Micronesia)
text(Marshalleilanden)	locatedIn	text(Oceanië)
text(कैमरुन)	locatedIn	text(Central:Africa)
text(喀麦隆)	locatedIn	text(Africa)
text(الكاميرون)	neighborOf	text(تشاد)
text(Kameroen)	neighborOf	text(कांगो:गणराज्य)
text(Cameroon)	neighborOf	text(Gabón)
text(Camerún)	neighborOf	text(赤道几内亚)
text(कैमरुन)	neighborOf	text(Centraal-Afrikaanse:Republiek)
text(喀麦隆)	neighborOf	text(نيجيريا)
text(ناورو)	locatedIn	text(Micronesia)
text(Nauru)	locatedIn	text(大洋洲)
text(थाईलैंड)	locatedIn	text(Southeast:Asia)
text(泰國)	neighborOf	text(柬埔寨)
text(Tailandia)	neighborOf	text(Myanmar)
text(Thailand)	neighborOf	text(Laos)
text(تايلاند)	neighborOf	text(मलेशिया)
text(السودان)	locatedIn	text(شمال:إفريقيا)
text(Sudan)	neighborOf	text(乍得)
text(Sudán)	neighborOf	text(Libya)
text(सूडान)	neighborOf	text(South:Sudan)
text(苏丹)	neighborOf	text(إرتريا)
text(Soedan)	neighborOf	text(República:Centroafricana)
text(السودان)	neighborOf	text(Egypte)
text(Sudan)	neighborOf	text(Ethiopië)
text(चाड)	locatedIn	text(मध्य:अफ्रीका)
text(Chad)	locatedIn	text(África)
text(Tsjaad)	neighborOf	text(Libia)
text(Chad)	neighborOf	text(尼日尔)
text(تشاد)	neighborOf	text(दक्षिण:सूडान)
text(乍得)	neighborOf	text(الكاميرون)
text(चाड)	neighborOf	text(मध्य:अफ़्रीकी:गणराज्य)
text(Chad)	neighborOf	text(Nigeria)
text(فانواتو)	locatedIn	text(मॅलानिशिया)
text(वानूआटू)	locatedIn	text(أوقيانوسيا)
text(Cape:Verde)	locatedIn	text(पश्चिमी:अफ्रीका)
text(Kaapverdië)	locatedIn	text(Afrika)
text(फ़ॉकलैंड:द्वीपसमूह)	locatedIn	text(दक्षिण:अमेरिका)
text(جزر:فوكلاند)	locatedIn	text(Americas)
text(利比里亞)	locatedIn	text(West:Africa)
text(ليبيريا)	locatedIn	text(अफ्रीका)
text(Liberia)	neighborOf	text(Ivory:Coast)
text(Liberia)	neighborOf	text(塞拉利昂)
text(Liberia)	neighborOf	text(غينيا)
text(Cambodia)	locatedIn	text(جنوب:شرق:آسيا)
text(Camboya)	locatedIn	text(亞洲)
text(कम्बोडिया)	neighborOf	text(فيتنام)
text(Cambodja)	neighborOf	text(Thailand)
text(كمبوديا)	neighborOf	text(لاوس)
text(Zimbabwe)	locatedIn	text(East:Africa)
text(Zimbabwe)	neighborOf	text(ज़ाम्बिया)
text(Zimbabue)	neighborOf	text(दक्षिण:अफ़्रीका)
text(زيمبابوي)	neighborOf	text(波札那)
text(津巴布韦)	neighborOf	text(मोज़ाम्बीक)
text(Comoras)	locatedIn	text(شرق:إفريقيا)
text(Comoros)	locatedIn	text(非洲)
text(غوام)	locatedIn	text(ميكرونيسيا)
text(गुआम)	locatedIn	text(Oceanía)
text(巴哈馬)	locatedIn	text(Caribe)
text(बहामास)	locatedIn	text(أمريكتان)
text(लेबनॉन)	locatedIn	text(Zuidwest-Azië)
text(Libanon)	locatedIn	text(آسيا)
text(Líbano)	neighborOf	text(Israel)
text(Lebanon)	neighborOf	text(سوريا)
text(Saint:Martin)	locatedIn	text(الكاريبي)
text(圣马丁岛)	locatedIn	text(美洲)
text(سانت:مارتن)	neighborOf	text(法屬聖馬丁)
text(Ethiopia)	locatedIn	text(Oost-Afrika)
text(Etiopía)	locatedIn	text(إفريقيا)
text(إثيوبيا)	neighborOf	text(सोमालिया)
text(埃塞俄比亚)	neighborOf	text(कीनिया)
text(इथियोपिया)	neighborOf	text(Eritrea)
text(Ethiopië)	neighborOf	text(Sudán:del:Sur)
text(Ethiopia)	neighborOf	text(جيبوتي)
text(Etiopía)	neighborOf	text(Sudán)
text(جزر:العذراء:التابعة:الولايات:المتحدة)	locatedIn	text(加勒比地区)
text(Islas:Vírgenes:de:los:Estados:Unidos)	locatedIn	text(महाअमेरिका)
text(Guinea-Bisáu)	locatedIn	text(西非)
text(Guinea-Bissau)	locatedIn	text(Africa)
text(畿內亞比紹)	neighborOf	text(Guinea)
text(Guinee-Bissau)	neighborOf	text(塞内加尔)
text(लीबिया)	locatedIn	text(北部非洲)
text(Libië)	locatedIn	text(África)
text(ليبيا)	neighborOf	text(Tsjaad)
text(利比亞)	neighborOf	text(تونس)
text(Libya)	neighborOf	text(नाइजर)
text(Libia)	neighborOf	text(الجزائر)
text(लीबिया)	neighborOf	text(埃及)
text(Libië)	neighborOf	text(सूडान)
text(Bhutan)	locatedIn	text(South:Asia)
text(भूटान)	locatedIn	text(एशिया)
text(不丹)	neighborOf	text(Volksrepubliek:China)
text(بوتان)	neighborOf	text(印度)
text(मकाउ)	locatedIn	text(पूर्वी:एशिया)
text(ماكاو)	locatedIn	text(Azië)
text(Macau)	neighborOf	text(People's:Republic:of:China)
text(法屬玻里尼西亞)	locatedIn	text(بولنيزيا)
text(फ़्रान्सीसी:पॉलिनेशिया)	locatedIn	text(ओशिआनिया)
text(Somalia)	locatedIn	text(东部非洲)
text(索馬里)	locatedIn	text(Afrika)
text(Somalië)	neighborOf	text(जिबूती)
text(Somalia)	neighborOf	text(肯尼亚)
text(الصومال)	neighborOf	text(إثيوبيا)
text(سان:بارتيلمي)	locatedIn	text(कैरिबिया)
text(Saint:Barthélemy)	locatedIn	text(Amerika)
text(روسيا)	locatedIn	text(Europa:Oriental)
text(Rusia)	locatedIn	text(欧洲)
text(Rusland)	neighborOf	text(أوكرانيا)
text(Russia)	neighborOf	text(Wit-Rusland)
text(रूस)	neighborOf	text(中华人民共和国)
text(俄罗斯)	neighborOf	text(哈萨克斯坦)
text(روسيا)	neighborOf	text(挪威)
text(Rusia)	neighborOf	text(Polen)
text(Rusland)	neighborOf	text(Azerbaiyán)
text(Russia)	neighborOf	text(Lithuania)
text(रूस)	neighborOf	text(إستونيا)
text(俄罗斯)	neighborOf	text(Noord-Korea)
text(روسيا)	neighborOf	text(فنلندا)
text(Rusia)	neighborOf	text(Mongolia)
text(Rusland)	neighborOf	text(لاتفيا)
text(Russia)	neighborOf	text(جورجيا)
text(Nieuw-Zeeland)	locatedIn	text(nan)
text(新西兰)	locatedIn	text(Oceania)
text(Panamá)	locatedIn	text(Centraal-Amerika)
text(Panama)	locatedIn	text(América)
text(巴拿馬)	neighborOf	text(कोस्टा:रीका)
text(पनामा)	neighborOf	text(哥伦比亚)
text(巴布亚新几内亚)	locatedIn	text(美拉尼西亞)
text(पापुआ:न्यू:गिनी)	locatedIn	text(Oceanië)
text(بابوا:غينيا:الجديدة)	neighborOf	text(Indonesia)
text(Corea:del:Norte)	locatedIn	text(Asia:Oriental)
text(उत्तर:कोरिया)	neighborOf	text(الصين)
text(كوريا:الشمالية)	neighborOf	text(Corea:del:Sur)
text(朝鮮民主主義人民共和國)	neighborOf	text(रूस)
text(Latvia)	locatedIn	text(Northern:Europe)
text(拉脫維亞)	locatedIn	text(Europa)
text(Letonia)	neighborOf	text(Lituania)
text(लातविया)	neighborOf	text(بيلاروس)
text(Letland)	neighborOf	text(俄罗斯)
text(لاتفيا)	neighborOf	text(Estonia)
text(阿曼)	locatedIn	text(Asia:Occidental)
text(Oman)	locatedIn	text(Asia)
text(Omán)	neighborOf	text(沙特阿拉伯)
text(Oman)	neighborOf	text(Yemen)
text(سلطنة:عمان)	neighborOf	text(阿拉伯联合酋长国)
text(سان:بيير:وميكلون)	locatedIn	text(Noord-Amerika)
text(圣皮埃尔和密克隆)	locatedIn	text(Americas)
text(Martinique)	locatedIn	text(Caribbean)
text(مارتينيك)	locatedIn	text(أمريكتان)
text(यूनाइटेड:किंगडम)	locatedIn	text(उत्तरी:यूरोप)
text(Reino:Unido)	locatedIn	text(यूरोप)
text(المملكة:المتحدة)	neighborOf	text(यूनाइटेड:किंगडम)
text(इज़राइल)	locatedIn	text(西亚)
text(Israël)	locatedIn	text(Asia)
text(إسرائيل)	neighborOf	text(لبنان)
text(以色列)	neighborOf	text(مصر)
text(Israel)	neighborOf	text(الأردن)
text(Israel)	neighborOf	text(सीरिया)
text(Jersey)	locatedIn	text(Noord-Europa)
text(澤西)	locatedIn	text(Europe)
text(Pitcairneilanden)	locatedIn	text(पोलीनेशिया)
text(पिटकेर्न:द्वीपसमूह)	locatedIn	text(大洋洲)
text(Togo)	locatedIn	text(África:Occidental)
text(Togo)	locatedIn	text(अफ्रीका)
text(Togo)	neighborOf	text(بوركينا:فاسو)
text(多哥)	neighborOf	text(Ghana)
text(टोगो)	neighborOf	text(बेनिन)
text(Kiribati)	locatedIn	text(माइक्रोनीशिया)
text(Kiribati)	locatedIn	text(أوقيانوسيا)
text(إيران)	locatedIn	text(南亚)
text(Iran)	locatedIn	text(亞洲)
text(ईरान)	neighborOf	text(Afghanistan)
text(Irán)	neighborOf	text(Turkmenistan)
text(伊朗)	neighborOf	text(Turkey)
text(Iran)	neighborOf	text(Armenia)
text(إيران)	neighborOf	text(Azerbaijan)
text(Iran)	neighborOf	text(पाकिस्तान)
text(ईरान)	neighborOf	text(Irak)
text(Saint-Martin)	locatedIn	text(Caraïben)
text(San:Martín)	locatedIn	text(美洲)
text(Sint-Maarten)	neighborOf	text(San:Martín)
text(多明尼加)	locatedIn	text(Caribe)
text(جمهورية:الدومينيكان)	locatedIn	text(महाअमेरिका)
text(Dominicaanse:Republiek)	neighborOf	text(Haití)
text(الدنمارك)	locatedIn	text(Europa:del:Norte)
text(Denemarken)	neighborOf	text(德國)
text(百慕大)	locatedIn	text(北美洲)
text(برمودا)	locatedIn	text(Amerika)
text(智利)	locatedIn	text(Zuid-Amerika)
text(تشيلي)	neighborOf	text(الأرجنتين)
text(चिली)	neighborOf	text(Bolivia)
text(Chile)	neighborOf	text(Peru)
text(كوسوفو)	locatedIn	text(पूर्वी:यूरोप)
text(科索沃)	locatedIn	text(Europa)
text(Kosovo)	neighborOf	text(塞爾維亞)
text(कोसोवो:गणराज्य)	neighborOf	text(阿爾巴尼亞)
text(Kosovo)	neighborOf	text(Noord-Macedonië)
text(Kosovo)	neighborOf	text(Montenegro)
text(聖克里斯多福及尼維斯)	locatedIn	text(الكاريبي)
text(San:Cristóbal:y:Nieves)	locatedIn	text(América)
text(Eritrea)	locatedIn	text(África:Oriental)
text(इरित्रिया)	neighborOf	text(吉布提)
text(厄立特里亞)	neighborOf	text(苏丹)
text(Eritrea)	neighborOf	text(埃塞俄比亚)
text(भूमध्यरेखीय:गिनी)	locatedIn	text(中部非洲)
text(Guinea:Ecuatorial)	locatedIn	text(非洲)
text(Equatorial:Guinea)	neighborOf	text(加蓬)
text(غينيا:الاستوائية)	neighborOf	text(Kameroen)
text(Níger)	locatedIn	text(West-Afrika)
text(النيجر)	locatedIn	text(إفريقيا)
text(Niger)	neighborOf	text(Chad)
text(Niger)	neighborOf	text(ليبيا)
text(尼日尔)	neighborOf	text(Burkina:Faso)
text(नाइजर)	neighborOf	text(Benin)
text(Níger)	neighborOf	text(马里)
text(النيجر)	neighborOf	text(अल्जीरिया)
text(Niger)	neighborOf	text(Nigeria)
text(अंगुइला)	locatedIn	text(加勒比地区)
text(أنغويلا)	locatedIn	text(Americas)
text(Ruanda)	locatedIn	text(पूर्वी:अफ्रीका)
text(Rwanda)	locatedIn	text(Africa)
text(رواندا)	neighborOf	text(Burundi)
text(卢旺达)	neighborOf	text(Tanzania)
text(Rwanda)	neighborOf	text(烏干達)
text(रवाण्डा)	neighborOf	text(कांगो:लोकतान्त्रिक:गणराज्य)
text(الإمارات:العربية:المتحدة)	locatedIn	text(West:Asia)
text(Verenigde:Arabische:Emiraten)	locatedIn	text(آسيا)
text(United:Arab:Emirates)	neighborOf	text(ओमान)
text(Emiratos:Árabes:Unidos)	neighborOf	text(السعودية)
text(Estland)	locatedIn	text(北歐)
text(एस्टोनिया)	locatedIn	text(أوروبا)
text(Estonia)	neighborOf	text(Latvia)
text(愛沙尼亞)	neighborOf	text(روسيا)
text(Greece)	locatedIn	text(Europa:del:Sur)
text(यूनान)	locatedIn	text(欧洲)
text(Griekenland)	neighborOf	text(保加利亚)
text(Grecia)	neighborOf	text(अल्बानिया)
text(希腊)	neighborOf	text(North:Macedonia)
text(اليونان)	neighborOf	text(तुर्की)
text(Senegal)	locatedIn	text(غرب:إفريقيا)
text(सेनेगल)	locatedIn	text(África)
text(السنغال)	neighborOf	text(गिनी-बिसाऊ)
text(Senegal)	neighborOf	text(موريتانيا)
text(Senegal)	neighborOf	text(माली)
text(塞内加尔)	neighborOf	text(गाम्बिया)
text(Senegal)	neighborOf	text(गिनी)
text(गुआदेलूप)	locatedIn	text(कैरिबिया)
text(Guadeloupe)	locatedIn	text(أمريكتان)
text(Mónaco)	locatedIn	text(Europa:Occidental)
text(Monaco)	neighborOf	text(फ़्रान्स)
text(Djibouti)	locatedIn	text(East:Africa)
text(Djibouti)	neighborOf	text(إرتريا)
text(Yibuti)	neighborOf	text(सोमालिया)
text(جيبوتي)	neighborOf	text(इथियोपिया)
text(Indonesië)	locatedIn	text(Sudeste:Asiático)
text(इंडोनेशिया)	neighborOf	text(Papoea-Nieuw-Guinea)
text(Indonesia)	neighborOf	text(تيمور:الشرقية)
text(印度尼西亚)	neighborOf	text(ماليزيا)
text(Britse:Maagdeneilanden)	locatedIn	text(Caribbean)
text(British:Virgin:Islands)	locatedIn	text(美洲)
text(Cook:Islands)	locatedIn	text(玻里尼西亞)
text(कुक:द्वीपसमूह)	locatedIn	text(Oceanía)
text(युगाण्डा)	locatedIn	text(شرق:إفريقيا)
text(Uganda)	locatedIn	text(Afrika)
text(Uganda)	neighborOf	text(तंज़ानिया)
text(أوغندا)	neighborOf	text(República:Democrática:del:Congo)
text(Oeganda)	neighborOf	text(كينيا)
text(烏干達)	neighborOf	text(南蘇丹)
text(युगाण्डा)	neighborOf	text(Ruanda)
text(مقدونيا:الشمالية)	locatedIn	text(南欧)
text(उत्तर:मैसिडोनिया)	locatedIn	text(Europa)
text(Macedonia:del:Norte)	neighborOf	text(كوسوفو)
text(北马其顿)	neighborOf	text(Greece)
text(Noord-Macedonië)	neighborOf	text(Albanië)
text(North:Macedonia)	neighborOf	text(Servië)
text(مقدونيا:الشمالية)	neighborOf	text(Bulgaria)
text(Túnez)	locatedIn	text(Noord-Afrika)
text(突尼西亞)	locatedIn	text(अफ्रीका)
text(Tunisia)	neighborOf	text(利比亞)
text(ट्यूनिशिया)	neighborOf	text(Algerije)
text(Ecuador)	locatedIn	text(South:America)
text(Ecuador)	neighborOf	text(पेरू)
text(厄瓜多尔)	neighborOf	text(Colombia)
text(ब्राज़ील)	locatedIn	text(أمريكا:الجنوبية)
text(البرازيل)	locatedIn	text(महाअमेरिका)
text(Brasil)	neighborOf	text(बोलिविया)
text(Brazil)	neighborOf	text(कोलम्बिया)
text(巴西)	neighborOf	text(Paraguay)
text(Brazilië)	neighborOf	text(الأوروغواي)
text(ब्राज़ील)	neighborOf	text(फ़्रान्सीसी:गुयाना)
text(البرازيل)	neighborOf	text(सूरीनाम)
text(Brasil)	neighborOf	text(委內瑞拉)
text(Brazil)	neighborOf	text(Argentina)
text(巴西)	neighborOf	text(Guyana)
text(Brazilië)	neighborOf	text(秘鲁)
text(باراغواي)	locatedIn	text(南美洲)
text(Paraguay)	locatedIn	text(Amerika)
text(Paraguay)	neighborOf	text(Argentina)
text(巴拉圭)	neighborOf	text(ब्राज़ील)
text(पैराग्वे)	neighborOf	text(بوليفيا)
text(Finland)	locatedIn	text(أوروبا:الشمالية)
text(फ़िनलैण्ड)	locatedIn	text(यूरोप)
text(Finlandia)	neighborOf	text(Norway)
text(Finland)	neighborOf	text(स्वीडन)
text(芬蘭)	neighborOf	text(Rusia)
text(約旦)	locatedIn	text(غرب:آسيا)
text(Jordanië)	neighborOf	text(सउदी:अरब)
text(जॉर्डन)	neighborOf	text(इज़राइल)
text(Jordan)	neighborOf	text(伊拉克)
text(Jordania)	neighborOf	text(Siria)
text(Timor:Oriental)	locatedIn	text(दक्षिण:पूर्व:एशिया)
text(東帝汶)	neighborOf	text(إندونيسيا)
text(الجبل:الأسود)	locatedIn	text(أوروبا:الجنوبية)
text(蒙特內哥羅)	locatedIn	text(Europe)
text(Montenegro)	neighborOf	text(科索沃)
text(Montenegro)	neighborOf	text(Bosnia:y:Herzegovina)
text(मॉन्टेनीग्रो)	neighborOf	text(Kroatië)
text(Montenegro)	neighborOf	text(सर्बिया)
text(الجبل:الأسود)	neighborOf	text(Albania)
text(Peru)	locatedIn	text(América:del:Sur)
text(Perú)	locatedIn	text(América)
text(بيرو)	neighborOf	text(Ecuador)
text(Peru)	neighborOf	text(玻利維亞)
text(पेरू)	neighborOf	text(Chile)
text(秘鲁)	neighborOf	text(البرازيل)
text(Peru)	neighborOf	text(كولومبيا)
text(मॉण्टसेराट)	locatedIn	text(Caraïben)
text(مونتسيرات)	locatedIn	text(Americas)
text(Oekraïne)	locatedIn	text(Oost-Europa)
text(Ukraine)	locatedIn	text(Europa)
text(Ucrania)	neighborOf	text(Slowakije)
text(烏克蘭)	neighborOf	text(白俄羅斯)
text(युक्रेन)	neighborOf	text(波蘭)
text(أوكرانيا)	neighborOf	text(Rusland)
text(Oekraïne)	neighborOf	text(Hongarije)
text(Ukraine)	neighborOf	text(Moldova)
text(Ucrania)	neighborOf	text(رومانيا)
text(دومينيكا)	locatedIn	text(Caribe)
text(Dominica)	locatedIn	text(أمريكتان)
text(تركمانستان)	locatedIn	text(آسيا:الوسطى)
text(土庫曼斯坦)	neighborOf	text(Kazakhstan)
text(Turkmenistan)	neighborOf	text(Afganistán)
text(तुर्कमेनिस्तान)	neighborOf	text(Uzbekistán)
text(Turkmenistán)	neighborOf	text(Irán)
text(根西)	locatedIn	text(Northern:Europe)
text(Guernsey)	locatedIn	text(أوروبا)
text(Gibraltar)	locatedIn	text(दक्षिणी:यूरोप)
text(Gibraltar)	locatedIn	text(欧洲)
text(直布羅陀)	neighborOf	text(Spain)
text(स्विट्ज़रलैण्ड)	locatedIn	text(أوروبا:الغربية)
text(瑞士)	locatedIn	text(Europa)
text(سويسرا)	neighborOf	text(जर्मनी)
text(Zwitserland)	neighborOf	text(意大利)
text(Switzerland)	neighborOf	text(Austria)
text(Suiza)	neighborOf	text(法國)
text(स्विट्ज़रलैण्ड)	neighborOf	text(लिक्टेन्स्टाइन)
text(Oostenrijk)	locatedIn	text(Western:Europe)
text(النمسا)	locatedIn	text(यूरोप)
text(ऑस्ट्रिया)	neighborOf	text(Duitsland)
text(奧地利)	neighborOf	text(Slovakia)
text(Austria)	neighborOf	text(Slovenia)
text(Austria)	neighborOf	text(Italië)
text(Oostenrijk)	neighborOf	text(瑞士)
text(النمسا)	neighborOf	text(हंगरी)
text(ऑस्ट्रिया)	neighborOf	text(Liechtenstein)
text(奧地利)	neighborOf	text(Tsjechië)
text(Hungría)	locatedIn	text(Eastern:Europe)
text(المجر)	neighborOf	text(烏克蘭)
text(Hungary)	neighborOf	text(Eslovaquia)
text(匈牙利)	neighborOf	text(स्लोवेनिया)
text(Hongarije)	neighborOf	text(Croatia)
text(हंगरी)	neighborOf	text(Austria)
text(Hungría)	neighborOf	text(Serbia)
text(المجر)	neighborOf	text(रोमानिया)
text(Malawi)	locatedIn	text(Oost-Afrika)
text(मलावी)	locatedIn	text(非洲)
text(Malaui)	neighborOf	text(Zambia)
text(馬拉威)	neighborOf	text(坦桑尼亞)
text(مالاوي)	neighborOf	text(莫桑比克)
text(香港)	locatedIn	text(東亞)
text(Hongkong)	neighborOf	text(República:Popular:China)
text(ليختنشتاين)	locatedIn	text(西欧)
text(Liechtenstein)	locatedIn	text(Europe)
text(列支敦斯登)	neighborOf	text(سويسرا)
text(Liechtenstein)	neighborOf	text(Austria)
text(Barbados)	locatedIn	text(الكاريبي)
text(बारबाडोस)	locatedIn	text(美洲)
text(Georgië)	locatedIn	text(पश्चिमी:एशिया)
text(Georgia)	locatedIn	text(एशिया)
text(जॉर्जिया)	neighborOf	text(أرمينيا)
text(格鲁吉亚)	neighborOf	text(阿塞拜疆)
text(Georgia)	neighborOf	text(Russia)
text(جورجيا)	neighborOf	text(Turkije)
text(Albania)	locatedIn	text(Southern:Europe)
text(ألبانيا)	locatedIn	text(Europa)
text(阿爾巴尼亞)	neighborOf	text(蒙特內哥羅)
text(अल्बानिया)	neighborOf	text(उत्तर:मैसिडोनिया)
text(Albanië)	neighborOf	text(Kosovo)
text(Albania)	neighborOf	text(यूनान)
text(Kuwait)	locatedIn	text(Zuidwest-Azië)
text(कुवैत)	locatedIn	text(Azië)
text(Koeweit)	neighborOf	text(Saudi:Arabia)
text(الكويت)	neighborOf	text(Iraq)
text(Zuid-Afrika)	locatedIn	text(南部非洲)
text(South:Africa)	locatedIn	text(إفريقيا)
text(Sudáfrica)	neighborOf	text(Mozambique)
text(جنوب:إفريقيا)	neighborOf	text(Botsuana)
text(南非)	neighborOf	text(إسواتيني)
text(दक्षिण:अफ़्रीका)	neighborOf	text(ज़िम्बाब्वे)
text(Zuid-Afrika)	neighborOf	text(ناميبيا)
text(South:Africa)	neighborOf	text(Lesotho)
text(Haïti)	locatedIn	text(加勒比地区)
text(Haiti)	locatedIn	text(महाअमेरिका)
text(हैती)	neighborOf	text(डोमिनिकन:गणराज्य)
text(أفغانستان)	locatedIn	text(Asia:del:Sur)
text(阿富汗)	locatedIn	text(Asia)
text(अफ़्ग़ानिस्तान)	neighborOf	text(Turkmenistan)
text(Afghanistan)	neighborOf	text(चीनी:जनवादी:गणराज्य)
text(Afghanistan)	neighborOf	text(Tadzjikistan)
text(Afganistán)	neighborOf	text(Oezbekistan)
text(أفغانستان)	neighborOf	text(伊朗)
text(阿富汗)	neighborOf	text(Pakistan)
text(سنغافورة)	locatedIn	text(Zuidoost-Azië)
text(Singapore)	locatedIn	text(Asia)
text(貝南)	locatedIn	text(पश्चिमी:अफ्रीका)
text(بنين)	locatedIn	text(Africa)
text(Benin)	neighborOf	text(Niger)
text(Benín)	neighborOf	text(बुर्किना:फासो)
text(बेनिन)	neighborOf	text(توغو)
text(Benin)	neighborOf	text(Nigeria)
text(Åland)	locatedIn	text(उत्तरी:यूरोप)
text(奥兰)	locatedIn	text(أوروبا)
text(Croacia)	locatedIn	text(Zuid-Europa)
text(克羅地亞)	locatedIn	text(欧洲)
text(كرواتيا)	neighborOf	text(斯洛文尼亞)
text(क्रोएशिया)	neighborOf	text(बोस्निया:और:हर्ज़ेगोविना)
text(Kroatië)	neighborOf	text(Hungary)
text(Croatia)	neighborOf	text(صربيا)
text(Croacia)	neighborOf	text(Montenegro)
text(Sweden)	locatedIn	text(Noord-Europa)
text(السويد)	locatedIn	text(Europa)
text(瑞典)	neighborOf	text(Noruega)
text(Suecia)	neighborOf	text(فنلندا)
text(墨西哥)	locatedIn	text(أمريكا:الشمالية)
text(México)	neighborOf	text(伯利兹)
text(Mexico)	neighborOf	text(Estados:Unidos)
text(Mexico)	neighborOf	text(ग्वाटेमाला)
text(格陵兰)	locatedIn	text(América:del:Norte)
text(Groenland)	locatedIn	text(Amerika)
text(Pitcairneilanden)	locatedIn	text(Australia:and:New:Zealand)
text(جزر:بيتكيرن)	locatedIn	text(ओशिआनिया)
text(Nepal)	locatedIn	text(Zuid-Azië)
text(Nepal)	locatedIn	text(亞洲)
text(Nepal)	neighborOf	text(Volksrepubliek:China)
text(نيبال)	neighborOf	text(India)
text(غواتيمالا)	locatedIn	text(América:Central)
text(Guatemala)	neighborOf	text(Belize)
text(Guatemala)	neighborOf	text(El:Salvador)
text(Guatemala)	neighborOf	text(मेक्सिको)
text(危地马拉)	neighborOf	text(هندوراس)
text(大韩民国)	locatedIn	text(شرق:آسيا)
text(South:Korea)	locatedIn	text(آسيا)
text(كوريا:الجنوبية)	neighborOf	text(North:Korea)
text(Moldavië)	locatedIn	text(东欧)
text(摩爾多瓦)	locatedIn	text(यूरोप)
text(مولدوفا)	neighborOf	text(युक्रेन)
text(Moldavia)	neighborOf	text(Rumania)
text(Mauritius)	locatedIn	text(东部非洲)
text(موريشيوس)	locatedIn	text(África)
text(बेलारूस)	locatedIn	text(أوروبا:الشرقية)
text(Bielorrusia)	neighborOf	text(أوكرانيا)
text(Belarus)	neighborOf	text(Poland)
text(Wit-Rusland)	neighborOf	text(Litouwen)
text(بيلاروس)	neighborOf	text(रूस)
text(白俄羅斯)	neighborOf	text(拉脫維亞)
text(بنغلاديش)	locatedIn	text(جنوب:آسيا)
text(Bangladés)	neighborOf	text(ميانمار)
text(孟加拉國)	neighborOf	text(India)
text(馬來西亞)	locatedIn	text(东南亚)
text(Maleisië)	locatedIn	text(एशिया)
text(Malaysia)	neighborOf	text(थाईलैंड)
text(Malasia)	neighborOf	text(Indonesia)
text(मलेशिया)	neighborOf	text(Brunéi)
text(البوسنة:والهرسك)	locatedIn	text(Europa:del:Sur)
text(波斯尼亚和黑塞哥维那)	locatedIn	text(Europe)
text(Bosnia:and:Herzegovina)	neighborOf	text(Serbia)
text(Bosnië:en:Herzegovina)	neighborOf	text(克羅地亞)
text(Bosnia:y:Herzegovina)	neighborOf	text(Montenegro)
text(لوكسمبورغ)	locatedIn	text(पश्चिमी:यूरोप)
text(Luxembourg)	locatedIn	text(Europa)
text(Luxemburgo)	neighborOf	text(Alemania)
text(Luxemburg)	neighborOf	text(बेल्जियम)
text(लक्ज़मबर्ग)	neighborOf	text(Frankrijk)
text(Italia)	locatedIn	text(南欧)
text(इटली)	locatedIn	text(أوروبا)
text(Italy)	neighborOf	text(Eslovenia)
text(إيطاليا)	neighborOf	text(Zwitserland)
text(意大利)	neighborOf	text(Oostenrijk)
text(Italië)	neighborOf	text(France)
text(Italia)	neighborOf	text(Vatican:City)
text(इटली)	neighborOf	text(San:Marino)
text(अज़रबैजान)	locatedIn	text(Asia:Occidental)
text(أذربيجان)	locatedIn	text(Azië)
text(Azerbeidzjan)	neighborOf	text(土耳其)
text(Azerbaiyán)	neighborOf	text(Armenië)
text(Azerbaijan)	neighborOf	text(俄罗斯)
text(阿塞拜疆)	neighborOf	text(Iran)
text(अज़रबैजान)	neighborOf	text(Georgië)
text(洪都拉斯)	locatedIn	text(中美洲)
text(Honduras)	locatedIn	text(América)
text(Honduras)	neighborOf	text(ग्वाटेमाला)
text(Honduras)	neighborOf	text(Nicaragua)
text(हॉण्डुरस)	neighborOf	text(El:Salvador)
text(Mali)	locatedIn	text(West:Africa)
text(Mali)	locatedIn	text(Afrika)
text(مالي)	neighborOf	text(布吉納法索)
text(Mali)	neighborOf	text(Guinee)
text(马里)	neighborOf	text(मॉरीतानिया)
text(माली)	neighborOf	text(尼日尔)
text(Mali)	neighborOf	text(सेनेगल)
text(Mali)	neighborOf	text(Algeria)
text(مالي)	neighborOf	text(ساحل:العاج)
text(中華民國)	locatedIn	text(East:Asia)
text(تايوان)	locatedIn	text(Asia)
text(阿爾及利亞)	locatedIn	text(North:Africa)
text(Argelia)	locatedIn	text(अफ्रीका)
text(الجزائر)	neighborOf	text(Libya)
text(अल्जीरिया)	neighborOf	text(Tunesië)
text(Algerije)	neighborOf	text(Mauritanië)
text(Algeria)	neighborOf	text(Marokko)
text(阿爾及利亞)	neighborOf	text(नाइजर)
text(Argelia)	neighborOf	text(Mali)
text(الجزائر)	neighborOf	text(撒拉威阿拉伯民主共和國)
text(French:Guiana)	locatedIn	text(दक्षिण:अमेरिका)
text(غويانا:الفرنسية)	neighborOf	text(Brasil)
text(法屬圭亞那)	neighborOf	text(Suriname)
text(Jemen)	locatedIn	text(西亚)
text(也门)	locatedIn	text(Asia)
text(Yemen)	neighborOf	text(阿曼)
text(यमन)	neighborOf	text(Saoedi-Arabië)
text(पोर्टो:रीको)	locatedIn	text(कैरिबिया)
text(بورتوريكو)	locatedIn	text(Americas)
text(San:Vicente:y:las:Granadinas)	locatedIn	text(Caribbean)
text(सन्त:विन्सेण्ट:और:ग्रेनाडाइन्स)	locatedIn	text(أمريكتان)
text(Venezuela)	locatedIn	text(Zuid-Amerika)
text(वेनेज़ुएला)	neighborOf	text(Brazil)
text(Venezuela)	neighborOf	text(गयाना)
text(Venezuela)	neighborOf	text(Colombia)
text(Granada)	locatedIn	text(Caraïben)
text(ग्रेनाडा)	locatedIn	text(美洲)
text(الولايات:المتحدة)	locatedIn	text(उत्तर:अमेरिका)
text(Verenigde:Staten)	neighborOf	text(كندا)
text(美國)	neighborOf	text(المكسيك)
text(托克劳)	locatedIn	text(Polynesië)
text(Tokelau)	locatedIn	text(Oceania)
text(Slovenië)	locatedIn	text(أوروبا:الجنوبية)
text(سلوفينيا)	locatedIn	text(欧洲)
text(Slovenia)	neighborOf	text(النمسا)
text(स्लोवेनिया)	neighborOf	text(كرواتيا)
text(斯洛文尼亞)	neighborOf	text(Italy)
text(Eslovenia)	neighborOf	text(匈牙利)
text(Filipijnen)	locatedIn	text(Southeast:Asia)
text(Philippines)	locatedIn	text(亞洲)
text(Micronesië)	locatedIn	text(密克羅尼西亞群島)
text(Micronesia)	locatedIn	text(Oceanië)
text(People's:Republic:of:China)	locatedIn	text(Oost-Azië)
text(中华人民共和国)	locatedIn	text(آسيا)
text(الصين)	neighborOf	text(अफ़्ग़ानिस्तान)
text(República:Popular:China)	neighborOf	text(Bután)
text(चीनी:जनवादी:गणराज्य)	neighborOf	text(Macao)
text(Volksrepubliek:China)	neighborOf	text(الهند)
text(People's:Republic:of:China)	neighborOf	text(كازاخستان)
text(中华人民共和国)	neighborOf	text(Kirgizië)
text(الصين)	neighborOf	text(طاجيكستان)
text(República:Popular:China)	neighborOf	text(老撾)
text(चीनी:जनवादी:गणराज्य)	neighborOf	text(روسيا)
text(Volksrepubliek:China)	neighborOf	text(Noord-Korea)
text(People's:Republic:of:China)	neighborOf	text(緬甸)
text(中华人民共和国)	neighborOf	text(باكستان)
text(الصين)	neighborOf	text(Mongolia)
text(República:Popular:China)	neighborOf	text(Hong:Kong)
text(चीनी:जनवादी:गणराज्य)	neighborOf	text(वियतनाम)
text(Gabon)	locatedIn	text(Centraal-Afrika)
text(الغابون)	locatedIn	text(非洲)
text(गबॉन)	neighborOf	text(Equatoriaal-Guinea)
text(Gabon)	neighborOf	text(República:del:Congo)
text(Gabón)	neighborOf	text(Cameroon)
text(جزر:الولايات:المتحدة:الصغيرة:النائية)	locatedIn	text(North:America)
text(संयुक्त:राज्य:अमेरिका:के:छोटे:दूरस्थ:द्वीपसमूह)	locatedIn	text(महाअमेरिका)
text(Andorra)	locatedIn	text(दक्षिणी:यूरोप)
text(安道尔)	locatedIn	text(Europa)
text(Andorra)	neighborOf	text(Spanje)
text(अण्डोरा)	neighborOf	text(Francia)
text(萨摩亚)	locatedIn	text(Polinesia)
text(Samoa)	locatedIn	text(大洋洲)
text(غامبيا)	locatedIn	text(西非)
text(Gambia)	locatedIn	text(إفريقيا)
text(Gambia)	neighborOf	text(السنغال)
text(Pedro:Miguel)	locatedIn	text(West:Asia)
text(Pedro:Miguel)	locatedIn	text(एशिया)
text(nan)	neighborOf	text(الأردن)
text(nan)	neighborOf	text(Egypt)
text(Pedro:Miguel)	neighborOf	text(Israël)
text(Réunion)	locatedIn	text(África:Oriental)
text(Reunión)	locatedIn	text(Africa)
text(فرنسا)	locatedIn	text(West-Europa)
text(फ़्रान्स)	locatedIn	text(यूरोप)
text(法國)	neighborOf	text(Germany)
text(Frankrijk)	neighborOf	text(卢森堡)
text(France)	neighborOf	text(إيطاليا)
text(Francia)	neighborOf	text(أندورا)
text(فرنسا)	neighborOf	text(Switzerland)
text(फ़्रान्स)	neighborOf	text(موناكو)
text(法國)	neighborOf	text(Bélgica)
text(Frankrijk)	neighborOf	text(إسبانيا)
text(منغوليا)	locatedIn	text(पूर्वी:एशिया)
text(蒙古國)	locatedIn	text(Azië)
text(Mongolië)	neighborOf	text(Volksrepubliek:China)
text(मंगोलिया)	neighborOf	text(Rusia)
text(लिथुआनिया)	locatedIn	text(Europa:del:Norte)
text(ليتوانيا)	locatedIn	text(Europe)
text(立陶宛)	neighborOf	text(पोलैंड)
text(Lithuania)	neighborOf	text(Letonia)
text(Lituania)	neighborOf	text(बेलारूस)
text(Litouwen)	neighborOf	text(Rusland)
text(جزر:كايمان)	locatedIn	text(Caribe)
text(Islas:Caimán)	locatedIn	text(Amerika)
text(Santa:Lucía)	locatedIn	text(الكاريبي)
text(सेंट:लूसिया)	locatedIn	text(América)
text(कुराकाओ)	locatedIn	text(加勒比地区)
text(库拉索)	locatedIn	text(Americas)
text(कैरिबिया)	locatedIn	text(أمريكتان)
text(दक्षिण:एशिया)	locatedIn	text(Asia)
text(África:Central)	locatedIn	text(África)
text(北歐)	locatedIn	text(Europa)
text(Southern:Europe)	locatedIn	text(أوروبا)
text(غرب:آسيا)	locatedIn	text(Asia)
text(South:America)	locatedIn	text(美洲)
text(Polynesia)	locatedIn	text(أوقيانوسيا)
text(nan)	locatedIn	text(Oceanía)
text(Europa:Occidental)	locatedIn	text(欧洲)
text(पूर्वी:अफ्रीका)	locatedIn	text(Afrika)
text(África:Occidental)	locatedIn	text(अफ्रीका)
text(Europa:Oriental)	locatedIn	text(Europa)
text(केंद्रीय:अमेरिका)	locatedIn	text(महाअमेरिका)
text(Noord-Amerika)	locatedIn	text(Amerika)
text(جنوب:شرق:آسيا)	locatedIn	text(亞洲)
text(África:austral)	locatedIn	text(非洲)
text(Asia:Oriental)	locatedIn	text(آسيا)
text(उत्तर:अफ़्रीका)	locatedIn	text(إفريقيا)
text(Melanesië)	locatedIn	text(ओशिआनिया)
text(Micronesia)	locatedIn	text(Oceania)
text(Central:Asia)	locatedIn	text(एशिया)
text(Europa:Central)	locatedIn	text(यूरोप)