palau	text(is:positioned:in)	micronesia
palau	text(was:sited:in)	oceania
maldives	text(is:sited:in)	southern_asia
maldives	text(was:localized:in)	asia
brunei	text(is:localized:in)	south-eastern_asia
brunei	text(was:present:in)	asia
brunei	text(was:a:neighboring:country:of)	malaysia
japan	text(is:present:in)	eastern_asia
japan	text(is:still:in)	asia
netherlands	text(was:still:in)	western_europe
netherlands	text(neighbors:with)	germany
netherlands	text(was:a:neighbor:of)	belgium
turkey	text(was:currently:in)	western_asia
turkey	text(is:a:neighbor:of)	armenia
turkey	text(is:a:neighboring:state:to)	azerbaijan
turkey	text(was:a:neighboring:state:to)	iran
turkey	text(borders:with)	greece
turkey	text(borders)	georgia
turkey	text(is:butted:against)	bulgaria
turkey	text(was:butted:against)	iraq
turkey	text(was:adjacent:to)	syria
angola	text(is:currently:in)	middle_africa
angola	text(is:placed:in)	africa
angola	text(is:adjacent:to)	dr_congo
angola	text(neighbors)	namibia
angola	text(is:a:neighboring:country:of)	zambia
angola	text(was:a:neighboring:country:of)	republic_of_the_congo
armenia	text(was:placed:in)	western_asia
armenia	text(can:be:found:in)	asia
armenia	text(neighbors:with)	georgia
armenia	text(was:a:neighbor:of)	azerbaijan
armenia	text(is:a:neighbor:of)	iran
armenia	text(is:a:neighboring:state:to)	turkey
antigua_and_barbuda	text(was:situated:in)	caribbean
antigua_and_barbuda	text(is:situated:in)	americas
swaziland	text(is:located:in)	southern_africa
swaziland	text(was:located:in)	africa
swaziland	text(was:a:neighboring:state:to)	south_africa
swaziland	text(borders:with)	mozambique
wallis_and_futuna	text(can:be:found:in)	polynesia
wallis_and_futuna	text(was:positioned:in)	oceania
uruguay	text(is:positioned:in)	south_america
uruguay	text(was:sited:in)	americas
uruguay	text(borders)	argentina
uruguay	text(is:butted:against)	brazil
zambia	text(is:sited:in)	eastern_africa
zambia	text(was:localized:in)	africa
zambia	text(was:butted:against)	tanzania
zambia	text(was:adjacent:to)	mozambique
zambia	text(is:adjacent:to)	dr_congo
zambia	text(neighbors)	angola
zambia	text(is:a:neighboring:country:of)	botswana
zambia	text(was:a:neighboring:country:of)	zimbabwe
zambia	text(neighbors:with)	namibia
zambia	text(was:a:neighbor:of)	malawi
cyprus	text(is:localized:in)	eastern_europe
cyprus	text(was:present:in)	europe
cyprus	text(is:a:neighbor:of)	united_kingdom
ireland	text(is:present:in)	northern_europe
ireland	text(is:still:in)	europe
ireland	text(is:a:neighboring:state:to)	united_kingdom
burundi	text(was:still:in)	eastern_africa
burundi	text(was:currently:in)	africa
burundi	text(was:a:neighboring:state:to)	dr_congo
burundi	text(borders:with)	rwanda
burundi	text(borders)	tanzania
central_african_republic	text(is:currently:in)	middle_africa
central_african_republic	text(is:placed:in)	africa
central_african_republic	text(is:butted:against)	chad
central_african_republic	text(was:butted:against)	republic_of_the_congo
central_african_republic	text(was:adjacent:to)	dr_congo
central_african_republic	text(is:adjacent:to)	south_sudan
central_african_republic	text(neighbors)	cameroon
central_african_republic	text(is:a:neighboring:country:of)	sudan
tonga	text(was:placed:in)	polynesia
tonga	text(can:be:found:in)	oceania
ivory_coast	text(was:situated:in)	western_africa
ivory_coast	text(is:situated:in)	africa
ivory_coast	text(was:a:neighboring:country:of)	burkina_faso
ivory_coast	text(neighbors:with)	ghana
ivory_coast	text(was:a:neighbor:of)	liberia
ivory_coast	text(is:a:neighbor:of)	mali
ivory_coast	text(is:a:neighboring:state:to)	guinea
sierra_leone	text(is:located:in)	western_africa
sierra_leone	text(was:a:neighboring:state:to)	liberia
sierra_leone	text(borders:with)	guinea
mayotte	text(was:located:in)	eastern_africa
mayotte	text(can:be:found:in)	africa
poland	text(was:positioned:in)	eastern_europe
poland	text(borders)	germany
poland	text(is:butted:against)	ukraine
poland	text(was:butted:against)	slovakia
poland	text(was:adjacent:to)	belarus
poland	text(is:adjacent:to)	russia
poland	text(neighbors)	lithuania
poland	text(is:a:neighboring:country:of)	czechia
kazakhstan	text(is:positioned:in)	central_asia
kazakhstan	text(was:sited:in)	asia
kazakhstan	text(was:a:neighboring:country:of)	turkmenistan
kazakhstan	text(neighbors:with)	china
kazakhstan	text(was:a:neighbor:of)	kyrgyzstan
kazakhstan	text(is:a:neighbor:of)	uzbekistan
kazakhstan	text(is:a:neighboring:state:to)	russia
uzbekistan	text(is:sited:in)	central_asia
uzbekistan	text(was:localized:in)	asia
uzbekistan	text(was:a:neighboring:state:to)	afghanistan
uzbekistan	text(borders:with)	turkmenistan
uzbekistan	text(borders)	kazakhstan
uzbekistan	text(is:butted:against)	kyrgyzstan
uzbekistan	text(was:butted:against)	tajikistan
turks_and_caicos_islands	text(is:localized:in)	caribbean
turks_and_caicos_islands	text(was:present:in)	americas
new_caledonia	text(is:present:in)	melanesia
new_caledonia	text(is:still:in)	oceania
pakistan	text(was:still:in)	southern_asia
pakistan	text(was:adjacent:to)	china
pakistan	text(is:adjacent:to)	afghanistan
pakistan	text(neighbors)	iran
pakistan	text(is:a:neighboring:country:of)	india
argentina	text(was:currently:in)	south_america
argentina	text(is:currently:in)	americas
argentina	text(was:a:neighboring:country:of)	bolivia
argentina	text(neighbors:with)	chile
argentina	text(was:a:neighbor:of)	brazil
argentina	text(is:a:neighbor:of)	paraguay
argentina	text(is:a:neighboring:state:to)	uruguay
cuba	text(is:placed:in)	caribbean
cuba	text(was:placed:in)	americas
serbia	text(can:be:found:in)	southern_europe
serbia	text(was:a:neighboring:state:to)	macedonia
serbia	text(borders:with)	montenegro
serbia	text(borders)	kosovo
serbia	text(is:butted:against)	bosnia_and_herzegovina
serbia	text(was:butted:against)	croatia
serbia	text(was:adjacent:to)	hungary
serbia	text(is:adjacent:to)	bulgaria
serbia	text(neighbors)	romania
czechia	text(was:situated:in)	eastern_europe
czechia	text(is:situated:in)	europe
czechia	text(is:a:neighboring:country:of)	germany
czechia	text(was:a:neighboring:country:of)	austria
czechia	text(neighbors:with)	poland
czechia	text(was:a:neighbor:of)	slovakia
nicaragua	text(is:located:in)	central_america
nicaragua	text(is:a:neighbor:of)	honduras
nicaragua	text(is:a:neighboring:state:to)	costa_rica
vietnam	text(was:located:in)	south-eastern_asia
vietnam	text(can:be:found:in)	asia
vietnam	text(was:a:neighboring:state:to)	cambodia
vietnam	text(borders:with)	laos
vietnam	text(borders)	china
niue	text(was:positioned:in)	polynesia
niue	text(is:positioned:in)	oceania
canada	text(was:sited:in)	northern_america
canada	text(is:sited:in)	americas
canada	text(is:butted:against)	united_states
slovakia	text(was:localized:in)	central_europe
slovakia	text(was:butted:against)	ukraine
slovakia	text(was:adjacent:to)	poland
slovakia	text(is:adjacent:to)	austria
slovakia	text(neighbors)	hungary
slovakia	text(is:a:neighboring:country:of)	czechia
mozambique	text(is:localized:in)	eastern_africa
mozambique	text(was:a:neighboring:country:of)	tanzania
mozambique	text(neighbors:with)	swaziland
mozambique	text(was:a:neighbor:of)	zimbabwe
mozambique	text(is:a:neighbor:of)	zambia
mozambique	text(is:a:neighboring:state:to)	malawi
mozambique	text(was:a:neighboring:state:to)	south_africa
aruba	text(was:present:in)	caribbean
aruba	text(is:present:in)	americas
bolivia	text(is:still:in)	south_america
bolivia	text(was:still:in)	americas
bolivia	text(borders:with)	chile
bolivia	text(borders)	brazil
bolivia	text(is:butted:against)	paraguay
bolivia	text(was:butted:against)	argentina
bolivia	text(was:adjacent:to)	peru
colombia	text(was:currently:in)	south_america
colombia	text(is:currently:in)	americas
colombia	text(is:adjacent:to)	ecuador
colombia	text(neighbors)	brazil
colombia	text(is:a:neighboring:country:of)	panama
colombia	text(was:a:neighboring:country:of)	venezuela
colombia	text(neighbors:with)	peru
fiji	text(is:placed:in)	melanesia
fiji	text(was:placed:in)	oceania
republic_of_the_congo	text(can:be:found:in)	middle_africa
republic_of_the_congo	text(was:a:neighbor:of)	gabon
republic_of_the_congo	text(is:a:neighbor:of)	dr_congo
republic_of_the_congo	text(is:a:neighboring:state:to)	angola
republic_of_the_congo	text(was:a:neighboring:state:to)	cameroon
republic_of_the_congo	text(borders:with)	central_african_republic
saudi_arabia	text(was:situated:in)	western_asia
saudi_arabia	text(borders)	qatar
saudi_arabia	text(is:butted:against)	united_arab_emirates
saudi_arabia	text(was:butted:against)	jordan
saudi_arabia	text(was:adjacent:to)	yemen
saudi_arabia	text(is:adjacent:to)	oman
saudi_arabia	text(neighbors)	kuwait
saudi_arabia	text(is:a:neighboring:country:of)	iraq
el_salvador	text(is:situated:in)	central_america
el_salvador	text(is:located:in)	americas
el_salvador	text(was:a:neighboring:country:of)	guatemala
el_salvador	text(neighbors:with)	honduras
madagascar	text(was:located:in)	eastern_africa
madagascar	text(can:be:found:in)	africa
australia	text(was:positioned:in)	australia_and_new_zealand
australia	text(is:positioned:in)	oceania
namibia	text(was:sited:in)	southern_africa
namibia	text(is:sited:in)	africa
namibia	text(was:a:neighbor:of)	zambia
namibia	text(is:a:neighbor:of)	angola
namibia	text(is:a:neighboring:state:to)	south_africa
namibia	text(was:a:neighboring:state:to)	botswana
tuvalu	text(was:localized:in)	polynesia
tuvalu	text(is:localized:in)	oceania
svalbard_and_jan_mayen	text(was:present:in)	northern_europe
svalbard_and_jan_mayen	text(is:present:in)	europe
isle_of_man	text(is:still:in)	northern_europe
isle_of_man	text(was:still:in)	europe
guyana	text(was:currently:in)	south_america
guyana	text(borders:with)	brazil
guyana	text(borders)	suriname
guyana	text(is:butted:against)	venezuela
vatican_city	text(is:currently:in)	southern_europe
vatican_city	text(is:placed:in)	europe
vatican_city	text(was:butted:against)	italy
british_indian_ocean_territory	text(was:placed:in)	eastern_africa
british_indian_ocean_territory	text(can:be:found:in)	africa
nigeria	text(was:situated:in)	western_africa
nigeria	text(is:situated:in)	africa
nigeria	text(was:adjacent:to)	chad
nigeria	text(is:adjacent:to)	niger
nigeria	text(neighbors)	cameroon
nigeria	text(is:a:neighboring:country:of)	benin
germany	text(is:located:in)	western_europe
germany	text(was:a:neighboring:country:of)	denmark
germany	text(neighbors:with)	netherlands
germany	text(was:a:neighbor:of)	poland
germany	text(is:a:neighbor:of)	luxembourg
germany	text(is:a:neighboring:state:to)	belgium
germany	text(was:a:neighboring:state:to)	switzerland
germany	text(borders:with)	austria
germany	text(borders)	france
germany	text(is:butted:against)	czechia
burkina_faso	text(was:located:in)	western_africa
burkina_faso	text(was:butted:against)	togo
burkina_faso	text(was:adjacent:to)	benin
burkina_faso	text(is:adjacent:to)	niger
burkina_faso	text(neighbors)	ghana
burkina_faso	text(is:a:neighboring:country:of)	mali
burkina_faso	text(was:a:neighboring:country:of)	ivory_coast
tanzania	text(can:be:found:in)	eastern_africa
tanzania	text(neighbors:with)	uganda
tanzania	text(was:a:neighbor:of)	mozambique
tanzania	text(is:a:neighbor:of)	dr_congo
tanzania	text(is:a:neighboring:state:to)	kenya
tanzania	text(was:a:neighboring:state:to)	rwanda
tanzania	text(borders:with)	zambia
tanzania	text(borders)	malawi
tanzania	text(is:butted:against)	burundi
northern_mariana_islands	text(was:positioned:in)	micronesia
northern_mariana_islands	text(is:positioned:in)	oceania
belize	text(was:sited:in)	central_america
belize	text(is:sited:in)	americas
belize	text(was:butted:against)	guatemala
belize	text(was:adjacent:to)	mexico
norway	text(was:localized:in)	northern_europe
norway	text(is:adjacent:to)	sweden
norway	text(neighbors)	finland
norway	text(is:a:neighboring:country:of)	russia
cocos_keeling_islands	text(is:localized:in)	australia_and_new_zealand
cocos_keeling_islands	text(was:present:in)	oceania
laos	text(is:present:in)	south-eastern_asia
laos	text(is:still:in)	asia
laos	text(was:a:neighboring:country:of)	china
laos	text(neighbors:with)	cambodia
laos	text(was:a:neighbor:of)	myanmar
laos	text(is:a:neighbor:of)	vietnam
laos	text(is:a:neighboring:state:to)	thailand
western_sahara	text(was:still:in)	northern_africa
western_sahara	text(was:currently:in)	africa
western_sahara	text(was:a:neighboring:state:to)	algeria
western_sahara	text(borders:with)	mauritania
western_sahara	text(borders)	morocco
suriname	text(is:currently:in)	south_america
suriname	text(is:placed:in)	americas
suriname	text(is:butted:against)	brazil
suriname	text(was:butted:against)	french_guiana
suriname	text(was:adjacent:to)	guyana
christmas_island	text(was:placed:in)	australia_and_new_zealand
christmas_island	text(can:be:found:in)	oceania
são_tomé_and_príncipe	text(was:situated:in)	middle_africa
são_tomé_and_príncipe	text(is:situated:in)	africa
egypt	text(is:located:in)	northern_africa
egypt	text(is:adjacent:to)	libya
egypt	text(neighbors)	israel
egypt	text(is:a:neighboring:country:of)	sudan
bulgaria	text(was:located:in)	eastern_europe
bulgaria	text(was:a:neighboring:country:of)	macedonia
bulgaria	text(neighbors:with)	turkey
bulgaria	text(was:a:neighbor:of)	greece
bulgaria	text(is:a:neighbor:of)	serbia
bulgaria	text(is:a:neighboring:state:to)	romania
guinea	text(can:be:found:in)	western_africa
guinea	text(was:positioned:in)	africa
guinea	text(was:a:neighboring:state:to)	guinea-bissau
guinea	text(borders:with)	sierra_leone
guinea	text(borders)	mali
guinea	text(is:butted:against)	liberia
guinea	text(was:butted:against)	senegal
guinea	text(was:adjacent:to)	ivory_coast
spain	text(is:positioned:in)	southern_europe
spain	text(is:adjacent:to)	morocco
spain	text(neighbors)	gibraltar
spain	text(is:a:neighboring:country:of)	andorra
spain	text(was:a:neighboring:country:of)	france
spain	text(neighbors:with)	portugal
costa_rica	text(was:sited:in)	central_america
costa_rica	text(is:sited:in)	americas
costa_rica	text(was:a:neighbor:of)	panama
costa_rica	text(is:a:neighbor:of)	nicaragua
malta	text(was:localized:in)	southern_europe
malta	text(is:localized:in)	europe
portugal	text(was:present:in)	southern_europe
portugal	text(is:present:in)	europe
portugal	text(is:a:neighboring:state:to)	spain
romania	text(is:still:in)	eastern_europe
romania	text(was:still:in)	europe
romania	text(was:a:neighboring:state:to)	ukraine
romania	text(borders:with)	hungary
romania	text(borders)	moldova
romania	text(is:butted:against)	bulgaria
romania	text(was:butted:against)	serbia
san_marino	text(was:currently:in)	southern_europe
san_marino	text(is:currently:in)	europe
san_marino	text(was:adjacent:to)	italy
mauritania	text(is:placed:in)	western_africa
mauritania	text(was:placed:in)	africa
mauritania	text(is:adjacent:to)	algeria
mauritania	text(neighbors)	mali
mauritania	text(is:a:neighboring:country:of)	western_sahara
mauritania	text(was:a:neighboring:country:of)	senegal
trinidad_and_tobago	text(can:be:found:in)	caribbean
trinidad_and_tobago	text(was:situated:in)	americas
bahrain	text(is:situated:in)	western_asia
bahrain	text(is:located:in)	asia
myanmar	text(was:located:in)	south-eastern_asia
myanmar	text(neighbors:with)	india
myanmar	text(was:a:neighbor:of)	bangladesh
myanmar	text(is:a:neighbor:of)	china
myanmar	text(is:a:neighboring:state:to)	laos
myanmar	text(was:a:neighboring:state:to)	thailand
iraq	text(can:be:found:in)	western_asia
iraq	text(borders:with)	turkey
iraq	text(borders)	saudi_arabia
iraq	text(is:butted:against)	iran
iraq	text(was:butted:against)	jordan
iraq	text(was:adjacent:to)	kuwait
iraq	text(is:adjacent:to)	syria
south_georgia	text(was:positioned:in)	south_america
south_georgia	text(is:positioned:in)	americas
iceland	text(was:sited:in)	northern_europe
iceland	text(is:sited:in)	europe
dr_congo	text(was:localized:in)	middle_africa
dr_congo	text(is:localized:in)	africa
dr_congo	text(neighbors)	uganda
dr_congo	text(is:a:neighboring:country:of)	tanzania
dr_congo	text(was:a:neighboring:country:of)	republic_of_the_congo
dr_congo	text(neighbors:with)	central_african_republic
dr_congo	text(was:a:neighbor:of)	angola
dr_congo	text(is:a:neighbor:of)	rwanda
dr_congo	text(is:a:neighboring:state:to)	south_sudan
dr_congo	text(was:a:neighboring:state:to)	zambia
dr_congo	text(borders:with)	burundi
seychelles	text(was:present:in)	eastern_africa
seychelles	text(is:present:in)	africa
kyrgyzstan	text(is:still:in)	central_asia
kyrgyzstan	text(borders)	china
kyrgyzstan	text(is:butted:against)	kazakhstan
kyrgyzstan	text(was:butted:against)	tajikistan
kyrgyzstan	text(was:adjacent:to)	uzbekistan
botswana	text(was:still:in)	southern_africa
botswana	text(was:currently:in)	africa
botswana	text(is:adjacent:to)	zimbabwe
botswana	text(neighbors)	namibia
botswana	text(is:a:neighboring:country:of)	zambia
botswana	text(was:a:neighboring:country:of)	south_africa
faroe_islands	text(is:currently:in)	northern_europe
faroe_islands	text(is:placed:in)	europe
jamaica	text(was:placed:in)	caribbean
jamaica	text(can:be:found:in)	americas
american_samoa	text(was:situated:in)	polynesia
american_samoa	text(is:situated:in)	oceania
lesotho	text(is:located:in)	southern_africa
lesotho	text(was:located:in)	africa
lesotho	text(neighbors:with)	south_africa
sri_lanka	text(can:be:found:in)	southern_asia
sri_lanka	text(was:a:neighbor:of)	india
belgium	text(was:positioned:in)	western_europe
belgium	text(is:positioned:in)	europe
belgium	text(is:a:neighbor:of)	germany
belgium	text(is:a:neighboring:state:to)	luxembourg
belgium	text(was:a:neighboring:state:to)	france
belgium	text(borders:with)	netherlands
qatar	text(was:sited:in)	western_asia
qatar	text(is:sited:in)	asia
qatar	text(borders)	saudi_arabia
solomon_islands	text(was:localized:in)	melanesia
solomon_islands	text(is:localized:in)	oceania
syria	text(was:present:in)	western_asia
syria	text(is:present:in)	asia
syria	text(is:butted:against)	israel
syria	text(was:butted:against)	turkey
syria	text(was:adjacent:to)	jordan
syria	text(is:adjacent:to)	lebanon
syria	text(neighbors)	iraq
india	text(is:still:in)	southern_asia
india	text(was:still:in)	asia
india	text(is:a:neighboring:country:of)	afghanistan
india	text(was:a:neighboring:country:of)	bhutan
india	text(neighbors:with)	bangladesh
india	text(was:a:neighbor:of)	china
india	text(is:a:neighbor:of)	nepal
india	text(is:a:neighboring:state:to)	myanmar
india	text(was:a:neighboring:state:to)	pakistan
india	text(borders:with)	sri_lanka
morocco	text(was:currently:in)	northern_africa
morocco	text(borders)	algeria
morocco	text(is:butted:against)	spain
morocco	text(was:butted:against)	western_sahara
kenya	text(is:currently:in)	eastern_africa
kenya	text(is:placed:in)	africa
kenya	text(was:adjacent:to)	uganda
kenya	text(is:adjacent:to)	tanzania
kenya	text(neighbors)	somalia
kenya	text(is:a:neighboring:country:of)	south_sudan
kenya	text(was:a:neighboring:country:of)	ethiopia
south_sudan	text(was:placed:in)	middle_africa
south_sudan	text(can:be:found:in)	africa
south_sudan	text(neighbors:with)	uganda
south_sudan	text(was:a:neighbor:of)	dr_congo
south_sudan	text(is:a:neighbor:of)	kenya
south_sudan	text(is:a:neighboring:state:to)	central_african_republic
south_sudan	text(was:a:neighboring:state:to)	sudan
south_sudan	text(borders:with)	ethiopia
ghana	text(was:situated:in)	western_africa
ghana	text(borders)	burkina_faso
ghana	text(is:butted:against)	ivory_coast
ghana	text(was:butted:against)	togo
tajikistan	text(is:situated:in)	central_asia
tajikistan	text(is:located:in)	asia
tajikistan	text(was:adjacent:to)	china
tajikistan	text(is:adjacent:to)	kyrgyzstan
tajikistan	text(neighbors)	afghanistan
tajikistan	text(is:a:neighboring:country:of)	uzbekistan
marshall_islands	text(was:located:in)	micronesia
marshall_islands	text(can:be:found:in)	oceania
cameroon	text(was:positioned:in)	middle_africa
cameroon	text(is:positioned:in)	africa
cameroon	text(was:a:neighboring:country:of)	chad
cameroon	text(neighbors:with)	republic_of_the_congo
cameroon	text(was:a:neighbor:of)	gabon
cameroon	text(is:a:neighbor:of)	equatorial_guinea
cameroon	text(is:a:neighboring:state:to)	central_african_republic
cameroon	text(was:a:neighboring:state:to)	nigeria
nauru	text(was:sited:in)	micronesia
nauru	text(is:sited:in)	oceania
thailand	text(was:localized:in)	south-eastern_asia
thailand	text(borders:with)	cambodia
thailand	text(borders)	myanmar
thailand	text(is:butted:against)	laos
thailand	text(was:butted:against)	malaysia
sudan	text(is:localized:in)	northern_africa
sudan	text(was:adjacent:to)	chad
sudan	text(is:adjacent:to)	libya
sudan	text(neighbors)	south_sudan
sudan	text(is:a:neighboring:country:of)	eritrea
sudan	text(was:a:neighboring:country:of)	central_african_republic
sudan	text(neighbors:with)	egypt
sudan	text(was:a:neighbor:of)	ethiopia
chad	text(was:present:in)	middle_africa
chad	text(is:present:in)	africa
chad	text(is:a:neighbor:of)	libya
chad	text(is:a:neighboring:state:to)	niger
chad	text(was:a:neighboring:state:to)	south_sudan
chad	text(borders:with)	cameroon
chad	text(borders)	central_african_republic
chad	text(is:butted:against)	nigeria
vanuatu	text(is:still:in)	melanesia
vanuatu	text(was:still:in)	oceania
cape_verde	text(was:currently:in)	western_africa
cape_verde	text(is:currently:in)	africa
falkland_islands	text(is:placed:in)	south_america
falkland_islands	text(was:placed:in)	americas
liberia	text(can:be:found:in)	western_africa
liberia	text(was:situated:in)	africa
liberia	text(was:butted:against)	ivory_coast
liberia	text(was:adjacent:to)	sierra_leone
liberia	text(is:adjacent:to)	guinea
cambodia	text(is:situated:in)	south-eastern_asia
cambodia	text(is:located:in)	asia
cambodia	text(neighbors)	vietnam
cambodia	text(is:a:neighboring:country:of)	thailand
cambodia	text(was:a:neighboring:country:of)	laos
zimbabwe	text(was:located:in)	eastern_africa
zimbabwe	text(neighbors:with)	zambia
zimbabwe	text(was:a:neighbor:of)	south_africa
zimbabwe	text(is:a:neighbor:of)	botswana
zimbabwe	text(is:a:neighboring:state:to)	mozambique
comoros	text(can:be:found:in)	eastern_africa
comoros	text(was:positioned:in)	africa
guam	text(is:positioned:in)	micronesia
guam	text(was:sited:in)	oceania
bahamas	text(is:sited:in)	caribbean
bahamas	text(was:localized:in)	americas
lebanon	text(is:localized:in)	western_asia
lebanon	text(was:present:in)	asia
lebanon	text(was:a:neighboring:state:to)	israel
lebanon	text(borders:with)	syria
sint_maarten	text(is:present:in)	caribbean
sint_maarten	text(is:still:in)	americas
sint_maarten	text(borders)	saint_martin
ethiopia	text(was:still:in)	eastern_africa
ethiopia	text(was:currently:in)	africa
ethiopia	text(is:butted:against)	somalia
ethiopia	text(was:butted:against)	kenya
ethiopia	text(was:adjacent:to)	eritrea
ethiopia	text(is:adjacent:to)	south_sudan
ethiopia	text(neighbors)	djibouti
ethiopia	text(is:a:neighboring:country:of)	sudan
united_states_virgin_islands	text(is:currently:in)	caribbean
united_states_virgin_islands	text(is:placed:in)	americas
guinea-bissau	text(was:placed:in)	western_africa
guinea-bissau	text(can:be:found:in)	africa
guinea-bissau	text(was:a:neighboring:country:of)	guinea
guinea-bissau	text(neighbors:with)	senegal
libya	text(was:situated:in)	northern_africa
libya	text(is:situated:in)	africa
libya	text(was:a:neighbor:of)	chad
libya	text(is:a:neighbor:of)	tunisia
libya	text(is:a:neighboring:state:to)	niger
libya	text(was:a:neighboring:state:to)	algeria
libya	text(borders:with)	egypt
libya	text(borders)	sudan
bhutan	text(is:located:in)	southern_asia
bhutan	text(was:located:in)	asia
bhutan	text(is:butted:against)	china
bhutan	text(was:butted:against)	india
macau	text(can:be:found:in)	eastern_asia
macau	text(was:positioned:in)	asia
macau	text(was:adjacent:to)	china
french_polynesia	text(is:positioned:in)	polynesia
french_polynesia	text(was:sited:in)	oceania
somalia	text(is:sited:in)	eastern_africa
somalia	text(was:localized:in)	africa
somalia	text(is:adjacent:to)	djibouti
somalia	text(neighbors)	kenya
somalia	text(is:a:neighboring:country:of)	ethiopia
saint_barthélemy	text(is:localized:in)	caribbean
saint_barthélemy	text(was:present:in)	americas
russia	text(is:present:in)	eastern_europe
russia	text(is:still:in)	europe
russia	text(was:a:neighboring:country:of)	ukraine
russia	text(neighbors:with)	belarus
russia	text(was:a:neighbor:of)	china
russia	text(is:a:neighbor:of)	kazakhstan
russia	text(is:a:neighboring:state:to)	norway
russia	text(was:a:neighboring:state:to)	poland
russia	text(borders:with)	azerbaijan
russia	text(borders)	lithuania
russia	text(is:butted:against)	estonia
russia	text(was:butted:against)	north_korea
russia	text(was:adjacent:to)	finland
russia	text(is:adjacent:to)	mongolia
russia	text(neighbors)	latvia
russia	text(is:a:neighboring:country:of)	georgia
new_zealand	text(was:still:in)	australia_and_new_zealand
new_zealand	text(was:currently:in)	oceania
panama	text(is:currently:in)	central_america
panama	text(is:placed:in)	americas
panama	text(was:a:neighboring:country:of)	costa_rica
panama	text(neighbors:with)	colombia
papua_new_guinea	text(was:placed:in)	melanesia
papua_new_guinea	text(can:be:found:in)	oceania
papua_new_guinea	text(was:a:neighbor:of)	indonesia
north_korea	text(was:situated:in)	eastern_asia
north_korea	text(is:a:neighbor:of)	china
north_korea	text(is:a:neighboring:state:to)	south_korea
north_korea	text(was:a:neighboring:state:to)	russia
latvia	text(is:situated:in)	northern_europe
latvia	text(is:located:in)	europe
latvia	text(borders:with)	lithuania
latvia	text(borders)	belarus
latvia	text(is:butted:against)	russia
latvia	text(was:butted:against)	estonia
oman	text(was:located:in)	western_asia
oman	text(can:be:found:in)	asia
oman	text(was:adjacent:to)	saudi_arabia
oman	text(is:adjacent:to)	yemen
oman	text(neighbors)	united_arab_emirates
saint_pierre_and_miquelon	text(was:positioned:in)	northern_america
saint_pierre_and_miquelon	text(is:positioned:in)	americas
martinique	text(was:sited:in)	caribbean
martinique	text(is:sited:in)	americas
united_kingdom	text(was:localized:in)	northern_europe
united_kingdom	text(is:localized:in)	europe
united_kingdom	text(is:a:neighboring:country:of)	ireland
israel	text(was:present:in)	western_asia
israel	text(is:present:in)	asia
israel	text(was:a:neighboring:country:of)	lebanon
israel	text(neighbors:with)	egypt
israel	text(was:a:neighbor:of)	jordan
israel	text(is:a:neighbor:of)	syria
jersey	text(is:still:in)	northern_europe
jersey	text(was:still:in)	europe
pitcairn_islands	text(was:currently:in)	polynesia
pitcairn_islands	text(is:currently:in)	oceania
togo	text(is:placed:in)	western_africa
togo	text(was:placed:in)	africa
togo	text(is:a:neighboring:state:to)	burkina_faso
togo	text(was:a:neighboring:state:to)	ghana
togo	text(borders:with)	benin
kiribati	text(can:be:found:in)	micronesia
kiribati	text(was:situated:in)	oceania
iran	text(is:situated:in)	southern_asia
iran	text(is:located:in)	asia
iran	text(borders)	afghanistan
iran	text(is:butted:against)	turkmenistan
iran	text(was:butted:against)	turkey
iran	text(was:adjacent:to)	armenia
iran	text(is:adjacent:to)	azerbaijan
iran	text(neighbors)	pakistan
iran	text(is:a:neighboring:country:of)	iraq
saint_martin	text(was:located:in)	caribbean
saint_martin	text(can:be:found:in)	americas
saint_martin	text(was:a:neighboring:country:of)	sint_maarten
dominican_republic	text(was:positioned:in)	caribbean
dominican_republic	text(is:positioned:in)	americas
dominican_republic	text(neighbors:with)	haiti
denmark	text(was:sited:in)	northern_europe
denmark	text(was:a:neighbor:of)	germany
bermuda	text(is:sited:in)	northern_america
bermuda	text(was:localized:in)	americas
chile	text(is:localized:in)	south_america
chile	text(is:a:neighbor:of)	argentina
chile	text(is:a:neighboring:state:to)	bolivia
chile	text(was:a:neighboring:state:to)	peru
kosovo	text(was:present:in)	eastern_europe
kosovo	text(is:present:in)	europe
kosovo	text(borders:with)	serbia
kosovo	text(borders)	albania
kosovo	text(is:butted:against)	macedonia
kosovo	text(was:butted:against)	montenegro
saint_kitts_and_nevis	text(is:still:in)	caribbean
saint_kitts_and_nevis	text(was:still:in)	americas
eritrea	text(was:currently:in)	eastern_africa
eritrea	text(was:adjacent:to)	djibouti
eritrea	text(is:adjacent:to)	sudan
eritrea	text(neighbors)	ethiopia
equatorial_guinea	text(is:currently:in)	middle_africa
equatorial_guinea	text(is:placed:in)	africa
equatorial_guinea	text(is:a:neighboring:country:of)	gabon
equatorial_guinea	text(was:a:neighboring:country:of)	cameroon
niger	text(was:placed:in)	western_africa
niger	text(can:be:found:in)	africa
niger	text(neighbors:with)	chad
niger	text(was:a:neighbor:of)	libya
niger	text(is:a:neighbor:of)	burkina_faso
niger	text(is:a:neighboring:state:to)	benin
niger	text(was:a:neighboring:state:to)	mali
niger	text(borders:with)	algeria
niger	text(borders)	nigeria
anguilla	text(was:situated:in)	caribbean
anguilla	text(is:situated:in)	americas
rwanda	text(is:located:in)	eastern_africa
rwanda	text(was:located:in)	africa
rwanda	text(is:butted:against)	burundi
rwanda	text(was:butted:against)	tanzania
rwanda	text(was:adjacent:to)	uganda
rwanda	text(is:adjacent:to)	dr_congo
united_arab_emirates	text(can:be:found:in)	western_asia
united_arab_emirates	text(was:positioned:in)	asia
united_arab_emirates	text(neighbors)	oman
united_arab_emirates	text(is:a:neighboring:country:of)	saudi_arabia
estonia	text(is:positioned:in)	northern_europe
estonia	text(was:sited:in)	europe
estonia	text(was:a:neighboring:country:of)	latvia
estonia	text(neighbors:with)	russia
greece	text(is:sited:in)	southern_europe
greece	text(was:localized:in)	europe
greece	text(was:a:neighbor:of)	bulgaria
greece	text(is:a:neighbor:of)	albania
greece	text(is:a:neighboring:state:to)	macedonia
greece	text(was:a:neighboring:state:to)	turkey
senegal	text(is:localized:in)	western_africa
senegal	text(was:present:in)	africa
senegal	text(borders:with)	guinea-bissau
senegal	text(borders)	mauritania
senegal	text(is:butted:against)	mali
senegal	text(was:butted:against)	gambia
senegal	text(was:adjacent:to)	guinea
guadeloupe	text(is:present:in)	caribbean
guadeloupe	text(is:still:in)	americas
monaco	text(was:still:in)	western_europe
monaco	text(is:adjacent:to)	france
djibouti	text(was:currently:in)	eastern_africa
djibouti	text(neighbors)	eritrea
djibouti	text(is:a:neighboring:country:of)	somalia
djibouti	text(was:a:neighboring:country:of)	ethiopia
indonesia	text(is:currently:in)	south-eastern_asia
indonesia	text(neighbors:with)	papua_new_guinea
indonesia	text(was:a:neighbor:of)	timor-leste
indonesia	text(is:a:neighbor:of)	malaysia
british_virgin_islands	text(is:placed:in)	caribbean
british_virgin_islands	text(was:placed:in)	americas
cook_islands	text(can:be:found:in)	polynesia
cook_islands	text(was:situated:in)	oceania
uganda	text(is:situated:in)	eastern_africa
uganda	text(is:located:in)	africa
uganda	text(is:a:neighboring:state:to)	tanzania
uganda	text(was:a:neighboring:state:to)	dr_congo
uganda	text(borders:with)	kenya
uganda	text(borders)	south_sudan
uganda	text(is:butted:against)	rwanda
macedonia	text(was:located:in)	southern_europe
macedonia	text(can:be:found:in)	europe
macedonia	text(was:butted:against)	kosovo
macedonia	text(was:adjacent:to)	greece
macedonia	text(is:adjacent:to)	albania
macedonia	text(neighbors)	serbia
macedonia	text(is:a:neighboring:country:of)	bulgaria
tunisia	text(was:positioned:in)	northern_africa
tunisia	text(is:positioned:in)	africa
tunisia	text(was:a:neighboring:country:of)	libya
tunisia	text(neighbors:with)	algeria
ecuador	text(was:sited:in)	south_america
ecuador	text(was:a:neighbor:of)	peru
ecuador	text(is:a:neighbor:of)	colombia
brazil	text(is:sited:in)	south_america
brazil	text(was:localized:in)	americas
brazil	text(is:a:neighboring:state:to)	bolivia
brazil	text(was:a:neighboring:state:to)	colombia
brazil	text(borders:with)	paraguay
brazil	text(borders)	uruguay
brazil	text(is:butted:against)	french_guiana
brazil	text(was:butted:against)	suriname
brazil	text(was:adjacent:to)	venezuela
brazil	text(is:adjacent:to)	argentina
brazil	text(neighbors)	guyana
brazil	text(is:a:neighboring:country:of)	peru
paraguay	text(is:localized:in)	south_america
paraguay	text(was:present:in)	americas
paraguay	text(was:a:neighboring:country:of)	argentina
paraguay	text(neighbors:with)	brazil
paraguay	text(was:a:neighbor:of)	bolivia
finland	text(is:present:in)	northern_europe
finland	text(is:still:in)	europe
finland	text(is:a:neighbor:of)	norway
finland	text(is:a:neighboring:state:to)	sweden
finland	text(was:a:neighboring:state:to)	russia
jordan	text(was:still:in)	western_asia
jordan	text(borders:with)	saudi_arabia
jordan	text(borders)	israel
jordan	text(is:butted:against)	iraq
jordan	text(was:butted:against)	syria
timor-leste	text(was:currently:in)	south-eastern_asia
timor-leste	text(was:adjacent:to)	indonesia
montenegro	text(is:currently:in)	southern_europe
montenegro	text(is:placed:in)	europe
montenegro	text(is:adjacent:to)	kosovo
montenegro	text(neighbors)	bosnia_and_herzegovina
montenegro	text(is:a:neighboring:country:of)	croatia
montenegro	text(was:a:neighboring:country:of)	serbia
montenegro	text(neighbors:with)	albania
peru	text(was:placed:in)	south_america
peru	text(can:be:found:in)	americas
peru	text(was:a:neighbor:of)	ecuador
peru	text(is:a:neighbor:of)	bolivia
peru	text(is:a:neighboring:state:to)	chile
peru	text(was:a:neighboring:state:to)	brazil
peru	text(borders:with)	colombia
montserrat	text(was:situated:in)	caribbean
montserrat	text(is:situated:in)	americas
ukraine	text(is:located:in)	eastern_europe
ukraine	text(was:located:in)	europe
ukraine	text(borders)	slovakia
ukraine	text(is:butted:against)	belarus
ukraine	text(was:butted:against)	poland
ukraine	text(was:adjacent:to)	russia
ukraine	text(is:adjacent:to)	hungary
ukraine	text(neighbors)	moldova
ukraine	text(is:a:neighboring:country:of)	romania
dominica	text(can:be:found:in)	caribbean
dominica	text(was:positioned:in)	americas
turkmenistan	text(is:positioned:in)	central_asia
turkmenistan	text(was:a:neighboring:country:of)	kazakhstan
turkmenistan	text(neighbors:with)	afghanistan
turkmenistan	text(was:a:neighbor:of)	uzbekistan
turkmenistan	text(is:a:neighbor:of)	iran
guernsey	text(was:sited:in)	northern_europe
guernsey	text(is:sited:in)	europe
gibraltar	text(was:localized:in)	southern_europe
gibraltar	text(is:localized:in)	europe
gibraltar	text(is:a:neighboring:state:to)	spain
switzerland	text(was:present:in)	western_europe
switzerland	text(is:present:in)	europe
switzerland	text(was:a:neighboring:state:to)	germany
switzerland	text(borders:with)	italy
switzerland	text(borders)	austria
switzerland	text(is:butted:against)	france
switzerland	text(was:butted:against)	liechtenstein
austria	text(is:still:in)	western_europe
austria	text(was:still:in)	europe
austria	text(was:adjacent:to)	germany
austria	text(is:adjacent:to)	slovakia
austria	text(neighbors)	slovenia
austria	text(is:a:neighboring:country:of)	italy
austria	text(was:a:neighboring:country:of)	switzerland
austria	text(neighbors:with)	hungary
austria	text(was:a:neighbor:of)	liechtenstein
austria	text(is:a:neighbor:of)	czechia
hungary	text(was:currently:in)	eastern_europe
hungary	text(is:a:neighboring:state:to)	ukraine
hungary	text(was:a:neighboring:state:to)	slovakia
hungary	text(borders:with)	slovenia
hungary	text(borders)	croatia
hungary	text(is:butted:against)	austria
hungary	text(was:butted:against)	serbia
hungary	text(was:adjacent:to)	romania
malawi	text(is:currently:in)	eastern_africa
malawi	text(is:placed:in)	africa
malawi	text(is:adjacent:to)	zambia
malawi	text(neighbors)	tanzania
malawi	text(is:a:neighboring:country:of)	mozambique
hong_kong	text(was:placed:in)	eastern_asia
hong_kong	text(was:a:neighboring:country:of)	china
liechtenstein	text(can:be:found:in)	western_europe
liechtenstein	text(was:situated:in)	europe
liechtenstein	text(neighbors:with)	switzerland
liechtenstein	text(was:a:neighbor:of)	austria
barbados	text(is:situated:in)	caribbean
barbados	text(is:located:in)	americas
georgia	text(was:located:in)	western_asia
georgia	text(can:be:found:in)	asia
georgia	text(is:a:neighbor:of)	armenia
georgia	text(is:a:neighboring:state:to)	azerbaijan
georgia	text(was:a:neighboring:state:to)	russia
georgia	text(borders:with)	turkey
albania	text(was:positioned:in)	southern_europe
albania	text(is:positioned:in)	europe
albania	text(borders)	montenegro
albania	text(is:butted:against)	macedonia
albania	text(was:butted:against)	kosovo
albania	text(was:adjacent:to)	greece
kuwait	text(was:sited:in)	western_asia
kuwait	text(is:sited:in)	asia
kuwait	text(is:adjacent:to)	saudi_arabia
kuwait	text(neighbors)	iraq
south_africa	text(was:localized:in)	southern_africa
south_africa	text(is:localized:in)	africa
south_africa	text(is:a:neighboring:country:of)	mozambique
south_africa	text(was:a:neighboring:country:of)	botswana
south_africa	text(neighbors:with)	swaziland
south_africa	text(was:a:neighbor:of)	zimbabwe
south_africa	text(is:a:neighbor:of)	namibia
south_africa	text(is:a:neighboring:state:to)	lesotho
haiti	text(was:present:in)	caribbean
haiti	text(is:present:in)	americas
haiti	text(was:a:neighboring:state:to)	dominican_republic
afghanistan	text(is:still:in)	southern_asia
afghanistan	text(was:still:in)	asia
afghanistan	text(borders:with)	turkmenistan
afghanistan	text(borders)	china
afghanistan	text(is:butted:against)	tajikistan
afghanistan	text(was:butted:against)	uzbekistan
afghanistan	text(was:adjacent:to)	iran
afghanistan	text(is:adjacent:to)	pakistan
singapore	text(was:currently:in)	south-eastern_asia
singapore	text(is:currently:in)	asia
benin	text(is:placed:in)	western_africa
benin	text(was:placed:in)	africa
benin	text(neighbors)	niger
benin	text(is:a:neighboring:country:of)	burkina_faso
benin	text(was:a:neighboring:country:of)	togo
benin	text(neighbors:with)	nigeria
åland_islands	text(can:be:found:in)	northern_europe
åland_islands	text(was:situated:in)	europe
croatia	text(is:situated:in)	southern_europe
croatia	text(is:located:in)	europe
croatia	text(was:a:neighbor:of)	slovenia
croatia	text(is:a:neighbor:of)	bosnia_and_herzegovina
croatia	text(is:a:neighboring:state:to)	hungary
croatia	text(was:a:neighboring:state:to)	serbia
croatia	text(borders:with)	montenegro
sweden	text(was:located:in)	northern_europe
sweden	text(can:be:found:in)	europe
sweden	text(borders)	norway
sweden	text(is:butted:against)	finland
mexico	text(was:positioned:in)	northern_america
mexico	text(was:butted:against)	belize
mexico	text(was:adjacent:to)	united_states
mexico	text(is:adjacent:to)	guatemala
greenland	text(is:positioned:in)	northern_america
greenland	text(was:sited:in)	americas
norfolk_island	text(is:sited:in)	australia_and_new_zealand
norfolk_island	text(was:localized:in)	oceania
nepal	text(is:localized:in)	southern_asia
nepal	text(was:present:in)	asia
nepal	text(neighbors)	china
nepal	text(is:a:neighboring:country:of)	india
guatemala	text(is:present:in)	central_america
guatemala	text(was:a:neighboring:country:of)	belize
guatemala	text(neighbors:with)	el_salvador
guatemala	text(was:a:neighbor:of)	mexico
guatemala	text(is:a:neighbor:of)	honduras
south_korea	text(is:still:in)	eastern_asia
south_korea	text(was:still:in)	asia
south_korea	text(is:a:neighboring:state:to)	north_korea
moldova	text(was:currently:in)	eastern_europe
moldova	text(is:currently:in)	europe
moldova	text(was:a:neighboring:state:to)	ukraine
moldova	text(borders:with)	romania
mauritius	text(is:placed:in)	eastern_africa
mauritius	text(was:placed:in)	africa
belarus	text(can:be:found:in)	eastern_europe
belarus	text(borders)	ukraine
belarus	text(is:butted:against)	poland
belarus	text(was:butted:against)	lithuania
belarus	text(was:adjacent:to)	russia
belarus	text(is:adjacent:to)	latvia
bangladesh	text(was:situated:in)	southern_asia
bangladesh	text(neighbors)	myanmar
bangladesh	text(is:a:neighboring:country:of)	india
malaysia	text(is:situated:in)	south-eastern_asia
malaysia	text(is:located:in)	asia
malaysia	text(was:a:neighboring:country:of)	thailand
malaysia	text(neighbors:with)	indonesia
malaysia	text(was:a:neighbor:of)	brunei
bosnia_and_herzegovina	text(was:located:in)	southern_europe
bosnia_and_herzegovina	text(can:be:found:in)	europe
bosnia_and_herzegovina	text(is:a:neighbor:of)	serbia
bosnia_and_herzegovina	text(is:a:neighboring:state:to)	croatia
bosnia_and_herzegovina	text(was:a:neighboring:state:to)	montenegro
luxembourg	text(was:positioned:in)	western_europe
luxembourg	text(is:positioned:in)	europe
luxembourg	text(borders:with)	germany
luxembourg	text(borders)	belgium
luxembourg	text(is:butted:against)	france
italy	text(was:sited:in)	southern_europe
italy	text(is:sited:in)	europe
italy	text(was:butted:against)	slovenia
italy	text(was:adjacent:to)	switzerland
italy	text(is:adjacent:to)	austria
italy	text(neighbors)	france
italy	text(is:a:neighboring:country:of)	vatican_city
italy	text(was:a:neighboring:country:of)	san_marino
azerbaijan	text(was:localized:in)	western_asia
azerbaijan	text(is:localized:in)	asia
azerbaijan	text(neighbors:with)	turkey
azerbaijan	text(was:a:neighbor:of)	armenia
azerbaijan	text(is:a:neighbor:of)	russia
azerbaijan	text(is:a:neighboring:state:to)	iran
azerbaijan	text(was:a:neighboring:state:to)	georgia
honduras	text(was:present:in)	central_america
honduras	text(is:present:in)	americas
honduras	text(borders:with)	guatemala
honduras	text(borders)	nicaragua
honduras	text(is:butted:against)	el_salvador
mali	text(is:still:in)	western_africa
mali	text(was:still:in)	africa
mali	text(was:butted:against)	burkina_faso
mali	text(was:adjacent:to)	guinea
mali	text(is:adjacent:to)	mauritania
mali	text(neighbors)	niger
mali	text(is:a:neighboring:country:of)	senegal
mali	text(was:a:neighboring:country:of)	algeria
mali	text(neighbors:with)	ivory_coast
taiwan	text(was:currently:in)	eastern_asia
taiwan	text(is:currently:in)	asia
algeria	text(is:placed:in)	northern_africa
algeria	text(was:placed:in)	africa
algeria	text(was:a:neighbor:of)	libya
algeria	text(is:a:neighbor:of)	tunisia
algeria	text(is:a:neighboring:state:to)	mauritania
algeria	text(was:a:neighboring:state:to)	morocco
algeria	text(borders:with)	niger
algeria	text(borders)	mali
algeria	text(is:butted:against)	western_sahara
french_guiana	text(can:be:found:in)	south_america
french_guiana	text(was:butted:against)	brazil
french_guiana	text(was:adjacent:to)	suriname
yemen	text(was:situated:in)	western_asia
yemen	text(is:situated:in)	asia
yemen	text(is:adjacent:to)	oman
yemen	text(neighbors)	saudi_arabia
puerto_rico	text(is:located:in)	caribbean
puerto_rico	text(was:located:in)	americas
saint_vincent_and_the_grenadines	text(can:be:found:in)	caribbean
saint_vincent_and_the_grenadines	text(was:positioned:in)	americas
venezuela	text(is:positioned:in)	south_america
venezuela	text(is:a:neighboring:country:of)	brazil
venezuela	text(was:a:neighboring:country:of)	guyana
venezuela	text(neighbors:with)	colombia
grenada	text(was:sited:in)	caribbean
grenada	text(is:sited:in)	americas
united_states	text(was:localized:in)	northern_america
united_states	text(was:a:neighbor:of)	canada
united_states	text(is:a:neighbor:of)	mexico
tokelau	text(is:localized:in)	polynesia
tokelau	text(was:present:in)	oceania
slovenia	text(is:present:in)	southern_europe
slovenia	text(is:still:in)	europe
slovenia	text(is:a:neighboring:state:to)	austria
slovenia	text(was:a:neighboring:state:to)	croatia
slovenia	text(borders:with)	italy
slovenia	text(borders)	hungary
philippines	text(was:still:in)	south-eastern_asia
philippines	text(was:currently:in)	asia
micronesia	text(is:currently:in)	micronesia
micronesia	text(is:placed:in)	oceania
china	text(was:placed:in)	eastern_asia
china	text(can:be:found:in)	asia
china	text(is:butted:against)	afghanistan
china	text(was:butted:against)	bhutan
china	text(was:adjacent:to)	macau
china	text(is:adjacent:to)	india
china	text(neighbors)	kazakhstan
china	text(is:a:neighboring:country:of)	kyrgyzstan
china	text(was:a:neighboring:country:of)	tajikistan
china	text(neighbors:with)	laos
china	text(was:a:neighbor:of)	russia
china	text(is:a:neighbor:of)	north_korea
china	text(is:a:neighboring:state:to)	myanmar
china	text(was:a:neighboring:state:to)	pakistan
china	text(borders:with)	mongolia
china	text(borders)	hong_kong
china	text(is:butted:against)	vietnam
gabon	text(was:situated:in)	middle_africa
gabon	text(is:situated:in)	africa
gabon	text(was:butted:against)	equatorial_guinea
gabon	text(was:adjacent:to)	republic_of_the_congo
gabon	text(is:adjacent:to)	cameroon
united_states_minor_outlying_islands	text(is:located:in)	northern_america
united_states_minor_outlying_islands	text(was:located:in)	americas
andorra	text(can:be:found:in)	southern_europe
andorra	text(was:positioned:in)	europe
andorra	text(neighbors)	spain
andorra	text(is:a:neighboring:country:of)	france
samoa	text(is:positioned:in)	polynesia
samoa	text(was:sited:in)	oceania
gambia	text(is:sited:in)	western_africa
gambia	text(was:localized:in)	africa
gambia	text(was:a:neighboring:country:of)	senegal
palestine	text(is:localized:in)	western_asia
palestine	text(was:present:in)	asia
palestine	text(neighbors:with)	jordan
palestine	text(was:a:neighbor:of)	egypt
palestine	text(is:a:neighbor:of)	israel
réunion	text(is:present:in)	eastern_africa
réunion	text(is:still:in)	africa
france	text(was:still:in)	western_europe
france	text(was:currently:in)	europe
france	text(is:a:neighboring:state:to)	germany
france	text(was:a:neighboring:state:to)	luxembourg
france	text(borders:with)	italy
france	text(borders)	andorra
france	text(is:butted:against)	switzerland
france	text(was:butted:against)	monaco
france	text(was:adjacent:to)	belgium
france	text(is:adjacent:to)	spain
mongolia	text(is:currently:in)	eastern_asia
mongolia	text(is:placed:in)	asia
mongolia	text(neighbors)	china
mongolia	text(is:a:neighboring:country:of)	russia
lithuania	text(was:placed:in)	northern_europe
lithuania	text(can:be:found:in)	europe
lithuania	text(was:a:neighboring:country:of)	poland
lithuania	text(neighbors:with)	latvia
lithuania	text(was:a:neighbor:of)	belarus
lithuania	text(is:a:neighbor:of)	russia
cayman_islands	text(was:situated:in)	caribbean
cayman_islands	text(is:situated:in)	americas
saint_lucia	text(is:located:in)	caribbean
saint_lucia	text(was:located:in)	americas
curaçao	text(can:be:found:in)	caribbean
curaçao	text(was:positioned:in)	americas
caribbean	text(is:positioned:in)	americas
southern_asia	text(was:sited:in)	asia
middle_africa	text(is:sited:in)	africa
northern_europe	text(was:localized:in)	europe
southern_europe	text(is:localized:in)	europe
western_asia	text(was:present:in)	asia
south_america	text(is:present:in)	americas
polynesia	text(is:still:in)	oceania
australia_and_new_zealand	text(was:still:in)	oceania
western_europe	text(was:currently:in)	europe
eastern_africa	text(is:currently:in)	africa
western_africa	text(is:placed:in)	africa
eastern_europe	text(was:placed:in)	europe
central_america	text(can:be:found:in)	americas
northern_america	text(was:situated:in)	americas
south-eastern_asia	text(is:situated:in)	asia
southern_africa	text(is:located:in)	africa
eastern_asia	text(was:located:in)	asia
northern_africa	text(can:be:found:in)	africa
melanesia	text(was:positioned:in)	oceania
micronesia	text(is:positioned:in)	oceania
central_asia	text(was:sited:in)	asia
central_europe	text(is:sited:in)	europe